uniprot_id,sequence,dg,csat
O95613,MEVEQEQRRRKVEAGRTKLAHFRQRKTKGDSSHSEKKTAKRKGSAVDASVQEESPVTKEDSALCGGGDICKSTSCDDTPDGAGGAFAAQPEDCDGEKREDLEQLQQKQVNDHPPEQCGMFTVSDHPPEQHGMFTVGDHPPEQRGMFTVSDHPPEQHGMFTVSDHPPEQRGMFTISDHQPEQRGMFTVSDHTPEQRGIFTISDHPAEQRGMFTKECEQECELAITDLESGREDEAGLHQSQAVHGLELEALRLSLSNMHTAQLELTQANLQKEKETALTELREMLNSRRAQELALLQSRQQHELELLREQHAREKEEVVLRCGQEAAELKEKLQSEMEKNAQIVKTLKEDWESEKDLCLENLRKELSAKHQSEMEDLQNQFQKELAEQRAELEKIFQDKNQAERALRNLESHHQAAIEKLREDLQSEHGRCLEDLEFKFKESEKEKQLELENLQASYEDLKAQSQEEIRRLWSQLDSARTSRQELSELHEQLLARTSRVEDLEQLKQREKTQHESELEQLRIYFEKKLRDAEKTYQEDLTLLQQRLQGAREDALLDSVEVGLSCVGLEEKPEKGRKDHVDELEPERHKESLPRFQAELEESHRHQLEALESPLCIQHEGHVSDRCCVETSALGHEWRLEPSEGHSQELPWVHLQGVQDGDLEADTERAARVLGLETEHKVQLSLLQTELKEEIELLKIENRNLYGKLQHETRLKDDLEKVKHNLIEDHQKELNNAKQKTELMKQEFQRKETDWKVMKEELQREAEEKLTLMLLELREKAESEKQTIINKFELREAEMRQLQDQQAAQILDLERSLTEQQGRLQQLEQDLTSDDALHCSQCGREPPTAQDGELAALHVKEDCALQLMLARSRFLEERKEITEKFSAEQDAFLQEAQEQHARELQLLQERHQQQLLSVTAELEARHQAALGELTASLESKQGALLAARVAELQTKHAADLGALETRHLSSLDSLESCYLSEFQTIREEHRQALELLRADFEEQLWKKDSLHQTILTQELEKLKRKHEGELQSVRDHLRTEVSTELAGTVAHELQGVHQGEFGSEKKTALHEKEETLRLQSAQAQPFHQEEKESLSLQLQKKNHQVQQLKDQVLSLSHEIEECRSELEVLQQRRERENREGANLLSMLKADVNLSHSERGALQDALRRLLGLFGETLRAAVTLRSRIGERVGLCLDDAGAGLALSTAPALEETWSDVALPELDRTLSECAEMSSVAEISSHMRESFLMSPESVRECEQPIRRVFQSLSLAVDGLMEMALDSSRQLEEARQIHSRFEKEFSFKNEETAQVVRKHQELLECLKEESAAKAELALELHKTQGTLEGFKVETADLKEVLAGKEDSEHRLVLELESLRRQLQQAAQEQAALREECTRLWSRGEATATDAEAREAALRKEVEDLTKEQSETRKQAEKDRSALLSQMKILESELEEQLSQHRGCAKQAEAVTALEQQVASLDKHLRNQRQFMDEQAAEREHEREEFQQEIQRLEGQLRQAAKPQPWGPRDSQQAPLDGEVELLQQKLREKLDEFNELAIQKESADRQVLMQEEEIKRLEEMNINIRKKVAQLQEEVEKQKNIVKGLEQDKEVLKKQQMSSLLLASTLQSTLDAGRCPEPPSGSPPEGPEIQLEVTQRALLRRESEVLDLKEQLEKMKGDLESKNEEILHLNLKLDMQNSQTAVSLRELEEENTSLKVIYTRSSEIEELKATIENLQENQKRLQKEKAEEIEQLHEVIEKLQHELSLMGPVVHEVSDSQAGSLQSELLCSQAGGPRGQALQGELEAALEAKEALSRLLADQERRHSQALEALQQRLQGAEEAAELQLAELERNVALREAEVEDMASRIQEFEAALKAKEATIAERNLEIDALNQRKAAHSAELEAVLLALARIRRALEQQPLAAGAAPPELQWLRAQCARLSRQLQVLHQRFLRCQVELDRRQARRATAHTRVPGAHPQPRMDGGAKAQVTGDVEASHDAALEPVVPDPQGDLQPVLVTLKDAPLCKQEGVMSVLTVCQRQLQSELLLVKNEMRLSLEDGGKGKEKVLEDCQLPKVDLVAQVKQLQEKLNRLLYSMTFQNVDAADTKSLWPMASAHLLESSWSDDSCDGEEPDISPHIDTCDANTATGGVTDVIKNQAIDACDANTTPGGVTDVIKNWDSLIPDEMPDSPIQEKSECQDMSLSSPTSVLGGSRHQSHTAEAGPRKSPVGMLDLSSWSSPEVLRKDWTLEPWPSLPVTPHSGALSLCSADTSLGDRADTSLPQTQGPGLLCSPGVSAAALALQWAESPPADDHHVQRTAVEKDVEDFITTSFDSQETLSSPPPGLEGKADRSEKSDGSGFGARLSPGSGGPEAQTAGPVTPASISGRFQPLPEAMKEKEVRPKHVKALLQMVRDESHQILALSEGLAPPSGEPHPPRKEDEIQDISLHGGKTQEVPTACPDWRGDLLQVVQEAFEKEQEMQGVELQPRLSGSDLGGHSSLLERLEKIIREQGDLQEKSLEHLRLPDRSSLLSEIQALRAQLRMTHLQNQEKLQHLRTALTSAEARGSQQEHQLRRQVELLAYKVEQEKCIAGDLQKTLSEEQEKANSVQKLLAAEQTVVRDLKSDLCESRQKSEQLSRSLCEVQQEVLQLRSMLSSKENELKAALQELESEQGKGRALQSQLEEEQLRHLQRESQSAKALEELRASLETQRAQSSRLCVALKHEQTAKDNLQKELRIEHSRCEALLAQERSQLSELQKDLAAEKSRTLELSEALRHERLLTEQLSQRTQEACVHQDTQAHHALLQKLKEEKSRVVDLQAMLEKVQQQALHSQQQLEAEAQKHCEALRREKEVSATLKSTVEALHTQKRELRCSLEREREKPAWLQAELEQSHPRLKEQEGRKAARRSAEARQSPAAAEQWRKWQRDKEKLRELELQRQRDLHKIKQLQQTVRDLESKDEVPGSRLHLGSARRAAGSDADHLREQQRELEAMRQRLLSAARLLTSFTSQAVDRTVNDWTSSNEKAVMSLLHTLEELKSDLSRPTSSQKKMAAELQFQFVDVLLKDNVSLTKALSTVTQEKLELSRAVSKLEKLLKHHLQKGCSPSRSERSAWKPDETAPQSSLRRPDPGRLPPAASEEAHTSNVKMEKLYLHYLRAESFRKALIYQKKYLLLLIGGFQDSEQETLSMIAHLGVFPSKAERKITSRPFTRFRTAVRVVIAILRLRFLVKKWQEVDRKGALAQGKAPRPGPRARQPQSPPRTRESPPTRDVPSGHTRDPARGRRLAAAASPHSGGRATPSPNSRLERSLTASQDPEHSLTEYIHHLEVIQQRLGGVLPDSTSKKSCHPMIKQ,-1.2746173,2.9284937
P08047,MSDQDHSMDEMTAVVKIEKGVGGNNGGNGNGGGAFSQARSSSTGSSSSTGGGGQESQPSPLALLAATCSRIESPNENSNNSQGPSQSGGTGELDLTATQLSQGANGWQIISSSSGATPTSKEQSGSSTNGSNGSESSKNRTVSGGQYVVAAAPNLQNQQVLTGLPGVMPNIQYQVIPQFQTVDGQQLQFAATGAQVQQDGSGQIQIIPGANQQIITNRGSGGNIIAAMPNLLQQAVPLQGLANNVLSGQTQYVTNVPVALNGNITLLPVNSVSAATLTPSSQAVTISSSGSQESGSQPVTSGTTISSASLVSSQASSSSFFTNANSYSTTTTTSNMGIMNFTTSGSSGTNSQGQTPQRVSGLQGSDALNIQQNQTSGGSLQAGQQKEGEQNQQTQQQQILIQPQLVQGGQALQALQAAPLSGQTFTTQAISQETLQNLQLQAVPNSGPIIIRTPTVGPNGQVSWQTLQLQNLQVQNPQAQTITLAPMQGVSLGQTSSSNTTLTPIASAASIPAGTVTVNAAQLSSMPGLQTINLSALGTSGIQVHPIQGLPLAIANAPGDHGAQLGLHGAGGDGIHDDTAGGEEGENSPDAQPQAGRRTRREACTCPYCKDSEGRGSGDPGKKKQHICHIQGCGKVYGKTSHLRAHLRWHTGERPFMCTWSYCGKRFTRSDELQRHKRTHTGEKKFACPECPKRFMRSDHLSKHIKTHQNKKGGPGVALSVGTLPLDSGAGSEGSGTATPSALITTNMVAMEAICPEGIARLANSGINVMQVADLQSINISGNGF,-1.2822523,3.0897803
P06493,MEDYTKIEKIGEGTYGVVYKGRHKTTGQVVAMKKIRLESEEEGVPSTAIREISLLKELRHPNIVSLQDVLMQDSRLYLIFEFLSMDLKKYLDSIPPGQYMDSSLVKSYLYQILQGIVFCHSRRVLHRDLKPQNLLIDDKGTIKLADFGLARAFGIPIRVYTHEVVTLWYRSPEVLLGSARYSTPVDIWSIGTIFAELATKKPLFHGDSEIDQLFRIFRALGTPNNEVWPEVESLQDYKNTFPKWKPGSLASHVKNLDENGLDLLSKMLIYDPAKRISGKMALNHPYFNDLDNQIKKM,-5.487361,0.281738
P84022,MSSILPFTPPIVKRLLGWKKGEQNGQEEKWCEKAVKSLVKKLKKTGQLDELEKAITTQNVNTKCITIPRSLDGRLQVSHRKGLPHVIYCRLWRWPDLHSHHELRAMELCEFAFNMKKDEVCVNPYHYQRVETPVLPPVLVPRHTEIPAEFPPLDDYSHSIPENTNFPAGIEPQSNIPETPPPGYLSEDGETSDHQMNHSMDAGSPNLSPNPMSPAHNNLDLQPVTYCEPAFWCSISYYELNQRVGETFHASQPSMTVDGFTDPSNSERFCLGLLSNVNRNAAVELTRRHIGRGVRLYYIGGEVFAECLSDSAIFVQSPNCNQRYGWHPATVCKIPPGCNLKIFNNQEFAALLAQSVNQGFEAVYQLTRMCTIRMSFVKGWGAEYRRQTVTSTPCWIELHLNGPLQWLDKVLTQMGSPSIRCSSVS,-6.2968407,-0.29487154
Q5SU73,MAASETVRLRLQFDYPPPATPHCTVFWLLVDLNRCRVVTDLISLIRQRFGFSSGALLGLYLEGGLLPPAESARLVRDNDSLRVKLEDQGLPENLIVSNGGDSSFPCRKAKKRAFKLMEDEETDQGYKSLKKHCKRQEDSGQNEKASDLETKLLPDETGRTKSKKKSKVTGSPAEEDEEETKKKSSKRKEKCEPKKQTRASKSSKQQTPKEGASQNCSFPRASPRSLGKARRRSSTGLKGSSGHLSESESCPESVSDGHCSVMMQEVTFSEKLSAELLKDAPATKTAAANRQASKPGFTFSSGKGKASRTSSSSSDSSSESEDQFLVSKNMLEGASAGFLKPTGLFAGQGGSGPGLSLETPGIMGWKSSDSNRGRQAPGPPSTPVPTSLGRGWGRGEDLLFGKGLRGRGVRGRGRGRGQAVSCVFNRSSESQKQRQLNDILTNSSVVIQNPVEPPKKDYSLLPLLAAAPQVGEKIAFKLLELTSDYSPDVSDYKEGKILSHDPETQQVDIEVLSSLPALKEPGKFDLVYHNENGTEVVEYAVTQEKRITVLWRELIDPRLIIDSSGSISST,-3.8001065,1.5295266
Q96MU7,MAADSREEKDGELNVLDDILTEVPEQDDELYNPESEQDKNEKKGSKRKSDRMESTDTKRQKPSVHSRQLVSKPLSSSVSNNKRIVSTKGKSATEYKNEEYQRSERNKRLDADRKIRLSSSASREPYKNQPEKTCVRKRDPERRAKSPTPDGSERIGLEVDRRASRSSQSSKEEVNSEEYGSDHETGSSGSSDEQGNNTENEEEGVEEDVEEDEEVEEDAEEDEEVDEDGEEEEEEEEEEEEEEEEEEEEYEQDERDQKEEGNDYDTRSEASDSGSESVSFTDGSVRSGSGTDGSDEKKKERKRARGISPIVFDRSGSSASESYAGSEKKHEKLSSSVRAVRKDQTSKLKYVLQDARFFLIKSNNHENVSLAKAKGVWSTLPVNEKKLNLAFRSARSVILIFSVRESGKFQGFARLSSESHHGGSPIHWVLPAGMSAKMLGGVFKIDWICRRELPFTKSAHLTNPWNEHKPVKIGRDGQEIELECGTQLCLLFPPDESIDLYQVIHKMRHKRRMHSQPRSRGRPSRREPVRDVGRRRPEDYDIHNSRKKPRIDYPPEFHQRPGYLKDPRYQEVDRRFSGVRRDVFLNGSYNDYVREFHNMGPPPPWQGMPPYPGMEQPPHHPYYQHHAPPPQAHPPYSGHHPVPHEARYRDKRVHDYDMRVDDFLRRTQAVVSGRRSRPRERDRERERDRPRDNRRDRERDRGRDRERERERLCDRDRDRGERGRYRR,-8.958867,-3.0713212
P22087,MKPGFSPRGGGFGGRGGFGDRGGRGGRGGFGGGRGRGGGFRGRGRGGGGGGGGGGGGGRGGGGFHSGGNRGRGRGGKRGNQSGKNVMVEPHRHEGVFICRGKEDALVTKNLVPGESVYGEKRVSISEGDDKIEYRAWNPFRSKLAAAILGGVDQIHIKPGAKVLYLGAASGTTVSHVSDIVGPDGLVYAVEFSHRSGRDLINLAKKRTNIIPVIEDARHPHKYRMLIAMVDVIFADVAQPDQTRIVALNAHTFLRNGGHFVISIKANCIDSTASAEAVFASEVKKMQQENMKPQEQLTLEPYERDHAVVVGVYRPPPKVKN,-1.9836845,2.7874727
P38996,MSDENHNSDVQDIPSPELSVDSNSNENELMNNSSADDGIEFDAPEEEREAEREEENEEQHELEDVNDEEEEDKEEKGEENGEVINTEEEEEEEHQQKGGNDDDDDDNEEEEEEEEDDDDDDDDDDDDEEEEEEEEEEGNDNSSVGSDSAAEDGEDEEDKKDKTKDKEVELRRETLEKEQKDVDEAIKKITREENDNTHFPTNMENVNYDLLQKQVKYIMDSNMLNLPQFQHLPQEEKMSAILAMLNSNSDTALSVPPHDSTISTTASASATSGARSNDQRKPPLSDAQRRMRFPRADLSKPITEEEHDRYAAYLHGENKITEMHNIPPKSRLFIGNLPLKNVSKEDLFRIFSPYGHIMQINIKNAFGFIQFDNPQSVRDAIECESQEMNFGKKLILEVSSSNARPQFDHGDHGTNSSSTFISSAKRPFQTESGDMYNDDNGAGYKKSRRHTVSCNIFVKRTADRTYAIEVFNRFRDGTGLETDMIFLKPRMELGKLINDAAYNGVWGVVLVNKTHNVDVQTFYKGSQGETKFDEYISISADDAVAIFNNIKNNRNNSRPTDYRAMSHQQNIYGAPPLPVPNGPAVGPPPQTNYYQGYSMPPPQQQQQQPYGNYGMPPPSHDQGYGSQPPIPMNQSYGRYQTSIPPPPPQQQIPQGYGRYQAGPPPQPPSQTPMDQQQLLSAIQNLPPNVVSNLLSMAQQQQQQPHAQQQLVGLIQSMQGQAPQQQQQQLGGYSSMNSSSPPPMSTNYNGQNISAKPSAPPMSHQPPPPQQQQQQQQQQQQQQQQPAGNNVQSLLDSLAKLQK,-0.50845796,3.7703285
O43781,MGGTARGPGRKDAGPPGAGLPPQQRRLGDGVYDTFMMIDETKCPPCSNVLCNPSEPPPPRRLNMTTEQFTGDHTQHFLDGGEMKVEQLFQEFGNRKSNTIQSDGISDSEKCSPTVSQGKSSDCLNTVKSNSSSKAPKVVPLTPEQALKQYKHHLTAYEKLEIINYPEIYFVGPNAKKRHGVIGGPNNGGYDDADGAYIHVPRDHLAYRYEVLKIIGKGSFGQVARVYDHKLRQYVALKMVRNEKRFHRQAAEEIRILEHLKKQDKTGSMNVIHMLESFTFRNHVCMAFELLSIDLYELIKKNKFQGFSVQLVRKFAQSILQSLDALHKNKIIHCDLKPENILLKHHGRSSTKVIDFGSSCFEYQKLYTYIQSRFYRAPEIILGSRYSTPIDIWSFGCILAELLTGQPLFPGEDEGDQLACMMELLGMPPPKLLEQSKRAKYFINSKGIPRYCSVTTQADGRVVLVGGRSRRGKKRGPPGSKDWGTALKGCDDYLFIEFLKRCLHWDPSARLTPAQALRHPWISKSVPRPLTTIDKVSGKRVVNPASAFQGLGSKLPPVVGIANKLKANLMSETNGSIPLCSVLPKLIS,-6.1707187,-0.40145963
P43243,MSKSFQQSSLSRDSQGHGRDLSAAGIGLLAAATQSLSMPASLGRMNQGTARLASLMNLGMSSSLNQQGAHSALSSASTSSHNLQSIFNIGSRGPLPLSSQHRGDADQASNILASFGLSARDLDELSRYPEDKITPENLPQILLQLKRRRTEEGPTLSYGRDGRSATREPPYRVPRDDWEEKRHFRRDSFDDRGPSLNPVLDYDHGSRSQESGYYDRMDYEDDRLRDGERCRDDSFFGETSHNYHKFDSEYERMGRGPGPLQERSLFEKKRGAPPSSNIEDFHGLLPKGYPHLCSICDLPVHSNKEWSQHINGASHSRRCQLLLEIYPEWNPDNDTGHTMGDPFMLQQSTNPAPGILGPPPPSFHLGGPAVGPRGNLGAGNGNLQGPRHMQKGRVETSRVVHIMDFQRGKNLRYQLLQLVEPFGVISNHLILNKINEAFIEMATTEDAQAAVDYYTTTPALVFGKPVRVHLSQKYKRIKKPEGKPDQKFDQKQELGRVIHLSNLPHSGYSDSAVLKLAEPYGKIKNYILMRMKSQAFIEMETREDAMAMVDHCLKKALWFQGRCVKVDLSEKYKKLVLRIPNRGIDLLKKDKSRKRSYSPDGKESPSDKKSKTDGSQKTESSTEGKEQEEKSGEDGEKDTKDDQTEQEPNMLLESEDELLVDEEEAAALLESGSSVGDETDLANLGDVASDGKKEPSDKAVKKDGSASAAAKKKLKKVDKIEELDQENEAALENGIKNEENTEPGAESSENADDPNKDTSENADGQSDENKDDYTIPDEYRIGPYQPNVPVGIDYVIPKTGFYCKLCSLFYTNEEVAKNTHCSSLPHYQKLKKFLNKLAEERRQKKET,-5.134323,0.28213748
Q92793,MAENLLDGPPNPKRAKLSSPGFSANDSTDFGSLFDLENDLPDELIPNGGELGLLNSGNLVPDAASKHKQLSELLRGGSGSSINPGIGNVSASSPVQQGLGGQAQGQPNSANMASLSAMGKSPLSQGDSSAPSLPKQAASTSGPTPAASQALNPQAQKQVGLATSSPATSQTGPGICMNANFNQTHPGLLNSNSGHSLINQASQGQAQVMNGSLGAAGRGRGAGMPYPTPAMQGASSSVLAETLTQVSPQMTGHAGLNTAQAGGMAKMGITGNTSPFGQPFSQAGGQPMGATGVNPQLASKQSMVNSLPTFPTDIKNTSVTNVPNMSQMQTSVGIVPTQAIATGPTADPEKRKLIQQQLVLLLHAHKCQRREQANGEVRACSLPHCRTMKNVLNHMTHCQAGKACQVAHCASSRQIISHWKNCTRHDCPVCLPLKNASDKRNQQTILGSPASGIQNTIGSVGTGQQNATSLSNPNPIDPSSMQRAYAALGLPYMNQPQTQLQPQVPGQQPAQPQTHQQMRTLNPLGNNPMNIPAGGITTDQQPPNLISESALPTSLGATNPLMNDGSNSGNIGTLSTIPTAAPPSSTGVRKGWHEHVTQDLRSHLVHKLVQAIFPTPDPAALKDRRMENLVAYAKKVEGDMYESANSRDEYYHLLAEKIYKIQKELEEKRRSRLHKQGILGNQPALPAPGAQPPVIPQAQPVRPPNGPLSLPVNRMQVSQGMNSFNPMSLGNVQLPQAPMGPRAASPMNHSVQMNSMGSVPGMAISPSRMPQPPNMMGAHTNNMMAQAPAQSQFLPQNQFPSSSGAMSVGMGQPPAQTGVSQGQVPGAALPNPLNMLGPQASQLPCPPVTQSPLHPTPPPASTAAGMPSLQHTTPPGMTPPQPAAPTQPSTPVSSSGQTPTPTPGSVPSATQTQSTPTVQAAAQAQVTPQPQTPVQPPSVATPQSSQQQPTPVHAQPPGTPLSQAAASIDNRVPTPSSVASAETNSQQPGPDVPVLEMKTETQAEDTEPDPGESKGEPRSEMMEEDLQGASQVKEETDIAEQKSEPMEVDEKKPEVKVEVKEEEESSSNGTASQSTSPSQPRKKIFKPEELRQALMPTLEALYRQDPESLPFRQPVDPQLLGIPDYFDIVKNPMDLSTIKRKLDTGQYQEPWQYVDDVWLMFNNAWLYNRKTSRVYKFCSKLAEVFEQEIDPVMQSLGYCCGRKYEFSPQTLCCYGKQLCTIPRDAAYYSYQNRYHFCEKCFTEIQGENVTLGDDPSQPQTTISKDQFEKKKNDTLDPEPFVDCKECGRKMHQICVLHYDIIWPSGFVCDNCLKKTGRPRKENKFSAKRLQTTRLGNHLEDRVNKFLRRQNHPEAGEVFVRVVASSDKTVEVKPGMKSRFVDSGEMSESFPYRTKALFAFEEIDGVDVCFFGMHVQEYGSDCPPPNTRRVYISYLDSIHFFRPRCLRTAVYHEILIGYLEYVKKLGYVTGHIWACPPSEGDDYIFHCHPPDQKIPKPKRLQEWYKKMLDKAFAERIIHDYKDIFKQATEDRLTSAKELPYFEGDFWPNVLEESIKELEQEEEERKKEESTAASETTEGSQGDSKNAKKKNNKKTNKNKSSISRANKKKPSMPNVSNDLSQKLYATMEKHKEVFFVIHLHAGPVINTLPPIVDPDPLLSCDLMDGRDAFLTLARDKHWEFSSLRRSKWSTLCMLVELHTQGQDRFVYTCNECKHHVETRWHCTVCEDYDLCINCYNTKSHAHKMVKWGLGLDDEGSSQGEPQSKSPQESRRLSIQRCIQSLVHACQCRNANCSLPSCQKMKRVVQHTKGCKRKTNGGCPVCKQLIALCCYHAKHCQENKCPVPFCLNIKHKLRQQQIQHRLQQAQLMRRRMATMNTRNVPQQSLPSPTSAPPGTPTQQPSTPQTPQPPAQPQPSPVSMSPAGFPSVARTQPPTTVSTGKPTSQVPAPPPPAQPPPAAVEAARQIEREAQQQQHLYRVNINNSMPPGRTGMGTPGSQMAPVSLNVPRPNQVSGPVMPSMPPGQWQQAPLPQQQPMPGLPRPVISMQAQAAVAGPRMPSVQPPRSISPSALQDLLRTLKSPSSPQQQQQVLNILKSNPQLMAAFIKQRTAKYVANQPGMQPQPGLQSQPGMQPQPGMHQQPSLQNLNAMQAGVPRPGVPPQQQAMGGLNPQGQALNIMNPGHNPNMASMNPQYREMLRRQLLQQQQQQQQQQQQQQQQQQGSAGMAGGMAGHGQFQQPQGPGGYPPAMQQQQRMQQHLPLQGSSMGQMAAQMGQLGQMGQPGLGADSTPNIQQALQQRILQQQQMKQQIGSPGQPNPMSPQQHMLSGQPQASHLPGQQIATSLSNQVRSPAPVQSPRPQSQPPHSSPSPRIQPQPSPHHVSPQTGSPHPGLAVTMASSIDQGHLGNPEQSAMLPQLNTPSRSALSSELSLVGDTTGDTLEKFVEGL,-5.0640507,-0.2713346
Q80ZI1,MPGCRISACGPGAQEGTAEPGSPPPPPREPLPSLQPPSPSPTSTPTPTKSPPLPEAAETPVEGQELQRWRQGASGGSGGAGPAGIAGAAAGAGGRALELAEARRRLLEVEGRRRLVSELESRVLQLHRVFLAAELRLAHRAESLSRLSGGVAQAELYLAAHGSRLKKGARRGRRGRPPALLASALGLGSCVPWGAGRLRRGQGPEPDSPFRRSPPRGPASPQR,-0.4843882,3.9128258
P32790,MTVFLGIYRAVYAYEPQTPEELAIQEDDLLYLLQKSDIDDWWTVKKRVIGSDSEEPVGLVPSTYIEEAPVLKKVRAIYDYEQVQNADEELTFHENDVFDVFDDKDADWLLVKSTVSNEFGFIPGNYVEPENGSTSKQEQAPAAAEAPAATPAAAPASAAVLPTNFLPPPQHNDRARMMQSKEDQAPDEDEEGPPPAMPARPTATTETTDATAAAVRSRTRLSYSDNDNDDEEDDYYYNSNSNNVGNHEYNTEYHSWNVTEIEGRKKKKAKLSIGNNKINFIPQKGTPHEWSIDKLVSYDNEKKHMFLEFVDPYRSLELHTGNTTTCEEIMNIIGEYKGASRDPGLREVEMASKSKKRGIVQYDFMAESQDELTIKSGDKVYILDDKKSKDWWMCQLVDSGKSGLVPAQFIEPVRDKKHTESTASGIIKSIKKNFTKSPSRSRSRSRSKSNANASWKDDELQNDVVGSAAGKRSRKSSLSSHKKNSSATKDFPNPKKSRLWVDRSGTFKVDAEFIGCAKGKIHLHKANGVKIAVAADKLSNEDLAYVEKITGFSLEKFKANDGSSSRGTDSRDSERERRRRLKEQEEKERDRRLKERELYELKKARELLDEERSRLQEKELPPIKPPRPTSTTSVPNTTSVPPAESSNNNNSSNKYDWFEFFLNCGVDVSNCQRYTINFDREQLTEDMMPDINNSMLRTLGLREGDIVRVMKHLDKKFGRENIASIPTNATGNMFSQPDGSLNVATSPETSLPQQLLPQTTSPAQTAPSTSAETDDAWTVKPASKSESNLLSKKSEFTGSMQDLLDLQPLEPKKAAASTPEPNLKDLEPVKTGGTTVPAAPVSSAPVSSAPAPLDPFKTGGNNILPLSTGFVMMPMITGGDMLPMQRTGGFVVPQTTFGMQSQVTGGILPVQKTGNGLIPISNTGGAMMPQTTFGAAATVLPLQKTGGGLIPIATTGGAQFPQTSFNVQGQQQLPTGSILPVQKTANGLISANTGVSMPTVQRTGGTMIPQTSFGVSQQLTGGAMMTQPQNTGSAMMPQTSFNAVPQITGGAMMPQTSFNALPQVTGGAMMPLQRTGGALNTFNTGGAMIPQTSFSSQAQNTGGFRPQSQFGLTLQKTGGIAPLNQNQFTGGAMNTLSTGGVLQQQQPQTMNTFNTGGVMQELQMMTTFNTGGAMQQPQMMNTFNTDGIMQQPQMMNTFNTGGAMQQPQQQALQNQPTGFGFGNGPQQSRQANIFNATASNPFGF,-5.0566196,0.059080303
Q9W1V3,MGKPGFSPRGGGGGGGGGGGGFRGRGGGGGGGGGGFGGGRGRGGGGDRGGRGGFGGGRGGGGRGGGGGGGRGAFGGRGGGGGRGGGGRGGGGRGGGGRGGGAGGFKGGKTVTIEPHRHEGVFIARGKEDALVTRNFVPGSEVYGEKRISVETNGEKIEYRVWNPFRSKLAAAVLGGVEQIHMPPGSKVLYLGAASGTTVSHVSDVVGPEGLVYAVEFSHRSGRDLINVAKKRTNIIPIIEDARHPHKYRMLVGMVDTIFADVAQPDQGRIVALNAQHFLKNGGHFVISIKASCIDSTAQPEAVFAAEVKKMQADKLKPQEQLTLEPYERDHAVVVGVYRPPPKQ,-2.1177406,2.669769
Q15233,MQSNKTFNLEKQNHTPRKHHQHHHQQQHHQQQQQQPPPPPIPANGQQASSQNEGLTIDLKNFRKPGEKTFTQRSRLFVGNLPPDITEEEMRKLFEKYGKAGEVFIHKDKGFGFIRLETRTLAEIAKVELDNMPLRGKQLRVRFACHSASLTVRNLPQYVSNELLEEAFSVFGQVERAVVIVDDRGRPSGKGIVEFSGKPAARKALDRCSEGSFLLTTFPRPVTVEPMDQLDDEEGLPEKLVIKNQQFHKEREQPPRFAQPGSFEYEYAMRWKALIEMEKQQQDQVDRNIKEAREKLEMEMEAARHEHQVMLMRQDLMRRQEELRRMEELHNQEVQKRKQLELRQEEERRRREEEMRRQQEEMMRRQQEGFKGTFPDAREQEIRMGQMAMGGAMGINNRGAMPPAPVPAGTPAPPGPATMMPDGTLGLTPPTTERFGQAATMEGIGAIGGTPPAFNRAAPGAEFAPNKRRRY,-3.4001622,1.7734987
Q12888,MDPTGSQLDSDFSQQDTPCLIIEDSQPESQVLEDDSGSHFSMLSRHLPNLQTHKENPVLDVVSNPEQTAGEERGDGNSGFNEHLKENKVADPVDSSNLDTCGSISQVIEQLPQPNRTSSVLGMSVESAPAVEEEKGEELEQKEKEKEEDTSGNTTHSLGAEDTASSQLGFGVLELSQSQDVEENTVPYEVDKEQLQSVTTNSGYTRLSDVDANTAIKHEEQSNEDIPIAEQSSKDIPVTAQPSKDVHVVKEQNPPPARSEDMPFSPKASVAAMEAKEQLSAQELMESGLQIQKSPEPEVLSTQEDLFDQSNKTVSSDGCSTPSREEGGCSLASTPATTLHLLQLSGQRSLVQDSLSTNSSDLVAPSPDAFRSTPFIVPSSPTEQEGRQDKPMDTSVLSEEGGEPFQKKLQSGEPVELENPPLLPESTVSPQASTPISQSTPVFPPGSLPIPSQPQFSHDIFIPSPSLEEQSNDGKKDGDMHSSSLTVECSKTSEIEPKNSPEDLGLSLTGDSCKLMLSTSEYSQSPKMESLSSHRIDEDGENTQIEDTEPMSPVLNSKFVPAENDSILMNPAQDGEVQLSQNDDKTKGDDTDTRDDISILATGCKGREETVAEDVCIDLTCDSGSQAVPSPATRSEALSSVLDQEEAMEIKEHHPEEGSSGSEVEEIPETPCESQGEELKEENMESVPLHLSLTETQSQGLCLQKEMPKKECSEAMEVETSVISIDSPQKLAILDQELEHKEQEAWEEATSEDSSVVIVDVKEPSPRVDVSCEPLEGVEKCSDSQSWEDIAPEIEPCAENRLDTKEEKSVEYEGDLKSGTAETEPVEQDSSQPSLPLVRADDPLRLDQELQQPQTQEKTSNSLTEDSKMANAKQLSSDAEAQKLGKPSAHASQSFCESSSETPFHFTLPKEGDIIPPLTGATPPLIGHLKLEPKRHSTPIGISNYPESTIATSDVMSESMVETHDPILGSGKGDSGAAPDVDDKLCLRMKLVSPETEASEESLQFNLEKPATGERKNGSTAVAESVASPQKTMSVLSCICEARQENEARSEDPPTTPIRGNLLHFPSSQGEEEKEKLEGDHTIRQSQQPMKPISPVKDPVSPASQKMVIQGPSSPQGEAMVTDVLEDQKEGRSTNKENPSKALIERPSQNNIGIQTMECSLRVPETVSAATQTIKNVCEQGTSTVDQNFGKQDATVQTERGSGEKPVSAPGDDTESLHSQGEEEFDMPQPPHGHVLHRHMRTIREVRTLVTRVITDVYYVDGTEVERKVTEETEEPIVECQECETEVSPSQTGGSSGDLGDISSFSSKASSLHRTSSGTSLSAMHSSGSSGKGAGPLRGKTSGTEPADFALPSSRGGPGKLSPRKGVSQTGTPVCEEDGDAGLGIRQGGKAPVTPRGRGRRGRPPSRTTGTRETAVPGPLGIEDISPNLSPDDKSFSRVVPRVPDSTRRTDVGAGALRRSDSPEIPFQAAAGPSDGLDASSPGNSFVGLRVVAKWSSNGYFYSGKITRDVGAGKYKLLFDDGYECDVLGKDILLCDPIPLDTEVTALSEDEYFSAGVVKGHRKESGELYYSIEKEGQRKWYKRMAVILSLEQGNRLREQYGLGPYEAVTPLTKAADISLDNLVEGKRKRRSNVSSPATPTASSSSSTTPTRKITESPRASMGVLSGKRKLITSEEERSPAKRGRKSATVKPGAVGAGEFVSPCESGDNTGEPSALEEQRGPLPLNKTLFLGYAFLLTMATTSDKLASRSKLPDGPTGSSEEEEEFLEIPPFNKQYTESQLRAGAGYILEDFNEAQCNTAYQCLLIADQHCRTRKYFLCLASGIPCVSHVWVHDSCHANQLQNYRNYLLPAGYSLEEQRILDWQPRENPFQNLKVLLVSDQQQNFLELWSEILMTGGAASVKQHHSSAHNKDIALGVFDVVVTDPSCPASVLKCAEALQLPVVSQEWVIQCLIVGERIGFKQHPKYKHDYVSH,0.056034517,4.127316
Q16082,MSGRSVPHAHPATAEYEFANPSRLGEQRFGEGLLPEEILTPTLYHGYYVRPRAAPAGEGSRAGASELRLSEGKFQAFLDVSHFTPDEVTVRTVDNLLEVSARHPQRLDRHGFVSREFCRTYVLPADVDPWRVRAALSHDGILNLEAPRGGRHLDTEVNEVYISLLPAPPDPEEEEEAAIVEP,-0.15585963,4.1171045
P23771,MEVTADQPRWVSHHHPAVLNGQHPDTHHPGLSHSYMDAAQYPLPEEVDVLFNIDGQGNHVPPYYGNSVRATVQRYPPTHHGSQVCRPPLLHGSLPWLDGGKALGSHHTASPWNLSPFSKTSIHHGSPGPLSVYPPASSSSLSGGHASPHLFTFPPTPPKDVSPDPSLSTPGSAGSARQDEKECLKYQVPLPDSMKLESSHSRGSMTALGGASSSTHHPITTYPPYVPEYSSGLFPPSSLLGGSPTGFGCKSRPKARSSTGRECVNCGATSTPLWRRDGTGHYLCNACGLYHKMNGQNRPLIKPKRRLSAARRAGTSCANCQTTTTTLWRRNANGDPVCNACGLYYKLHNINRPLTMKKEGIQTRNRKMSSKSKKCKKVHDSLEDFPKNSSFNPAALSRHMSSLSHISPFSHSSHMLTTPTPMHPPSSLSFGPHHPSSMVTAMG,-3.7176912,1.6207825
O43561,MEEAILVPCVLGLLLLPILAMLMALCVHCHRLPGSYDSTSSDSLYPRGIQFKRPHTVAPWPPAYPPVTSYPPLSQPDLLPIPRSPQPLGGSHRTPSSRRDSDGANSVASYENEGASGIRGAQAGWGVWGPSWTRLTPVSLPPEPACEDADEDEDDYHNPGYLVVLPDSTPATSTAAPSAPALSTPGIRDSAFSMESIDDYVNVPESGESAEASLDGSREYVNVSQELHPGAAKTEPAALSSQEAEEVEEEGAPDYENLQELN,0.104406945,4.2231207
O13828,MSFTNATFSQVLDDLSARFILNLPAEEQSSVERLCFQIEQAHWFYEDFIRAQNDQLPSLGLRVFSAKLFAHCPLLWKWSKVHEEAFDDFLRYKTRIPVRGAIMLDMSMQQCVLVKGWKASSGWGFPKGKIDKDESDVDCAIREVYEETGFDCSSRINPNEFIDMTIRGQNVRLYIIPGISLDTRFESRTRKEISKIEWHNLMDLPTFKKNKPQTMKNKFYMVIPFLAPLKKWIKKRNIANNTTKEKNISVDVDADASSQLLSLLKSSTAPSDLATPQPSTFPQPPVESHSSFDIKQKILHLLNEGNEPKSPIQLPPVSNLPLNPPIQSSNSRLSHDNNSFDPFAYLGLDPKNPSASFPRVVSQNNMLTNKPVLNNHFQQSMYSNLLKDQNSVQHLFAASDMPSPMELPSPSTVYHQVFYPPTSTSVSSYGLGKTPQPAYGSSSPYVNGHQTQQISSLPPFQSQTQFLARNSDNSGQSYNSEGDSNSKRLLSMLSQQDTTPSSSTLSKEANVQLANLFLTPNSLETKKFSDNSQGEEISDNLHGESCNNPNANSVHSAQLLQALLHPSATETKEETPKKTSDSLSLLTLLKSGLPTPANDLQNKSQNNERKASSQVKELEVKNYSKSTDLLKKTLRIPRNDEPLEAANQFDLLKVSPQQKSEVPPKRNELSQSKLKNRKKKENSETNKNHVDMSPGFVKILKRSPLADQKKEDTQESDFKGSDDHFLSYLQSVVSSNSNGLH,-3.7141724,1.4168153
Q09737,MSGDILVGEYLFKRLEQLGVKSILGVPGDFNLALLDLIEKVGDEKFRWVGNTNELNGAYAADGYARVNGLSAIVTTFGVGELSAINGVAGSYAEHVPVVHIVGMPSTKVQDTGALLHHTLGDGDFRTFMDMFKKVSAYSIMIDNGNDAAEKIDEALSICYKKARPVYIGIPSDAGYFKASSSNLGKRLKLEEDTNDPAVEQEVINHISEMVVNAKKPVILIDACAVRHRVVPEVHELIKLTHFPTYVTPMGKSAIDETSQFFDGVYVGSISDPEVKDRIESTDLLLSIGALKSDFNTGSFSYHLSQKNAVEFHSDHMRIRYALYPNVAMKYILRKLLKVLDASMCHSKAAPTIGYNIKPKHAEGYSSNEITHCWFWPKFSEFLKPRDVLITETGTANFGVLDCRFPKDVTAISQVLWGSIGYSVGAMFGAVLAVHDSKEPDRRTILVVGDGSLQLTITEISTCIRHNLKPIIFIINNDGYTIERLIHGLHASYNEINTKWGYQQIPKFFGAAENHFRTYCVKTPTDVEKLFSDKEFANADVIQVVELVMPMLDAPRVLVEQAKLTSKINKQ,-3.1688626,1.8605431
P00873,MAAVIAKSSVSAAVARPARSSVRPMAALKPAVKAAPVAAPAQANQMMVWTPVNNKMFETFSYLPPLTDEQIAAQVDYIVANGWIPCLEFAEADKAYVSNESAIRFGSVSCLYYDNRYWTMWKLPMFGCRDPMQVLREIVACTKAFPDAYVRLVAFDNQKQVQIMGFLVQRPKTARDFQPANKRSV,-0.21088606,4.1135607
Q07889,MQAQQLPYEFFSEENAPKWRGLLVPALKKVQGQVHPTLESNDDALQYVEELILQLLNMLCQAQPRSASDVEERVQKSFPHPIDKWAIADAQSAIEKRKRRNPLSLPVEKIHPLLKEVLGYKIDHQVSVYIVAVLEYISADILKLVGNYVRNIRHYEITKQDIKVAMCADKVLMDMFHQDVEDINILSLTDEEPSTSGEQTYYDLVKAFMAEIRQYIRELNLIIKVFREPFVSNSKLFSANDVENIFSRIVDIHELSVKLLGHIEDTVEMTDEGSPHPLVGSCFEDLAEELAFDPYESYARDILRPGFHDRFLSQLSKPGAALYLQSIGEGFKEAVQYVLPRLLLAPVYHCLHYFELLKQLEEKSEDQEDKECLKQAITALLNVQSGMEKICSKSLAKRRLSESACRFYSQQMKGKQLAIKKMNEIQKNIDGWEGKDIGQCCNEFIMEGTLTRVGAKHERHIFLFDGLMICCKSNHGQPRLPGASNAEYRLKEKFFMRKVQINDKDDTNEYKHAFEIILKDENSVIFSAKSAEEKNNWMAALISLQYRSTLERMLDVTMLQEEKEEQMRLPSADVYRFAEPDSEENIIFEENMQPKAGIPIIKAGTVIKLIERLTYHMYADPNFVRTFLTTYRSFCKPQELLSLIIERFEIPEPEPTEADRIAIENGDQPLSAELKRFRKEYIQPVQLRVLNVCRHWVEHHFYDFERDAYLLQRMEEFIGTVRGKAMKKWVESITKIIQRKKIARDNGPGHNITFQSSPPTVEWHISRPGHIETFDLLTLHPIEIARQLTLLESDLYRAVQPSELVGSVWTKEDKEINSPNLLKMIRHTTNLTLWFEKCIVETENLEERVAVVSRIIEILQVFQELNNFNGVLEVVSAMNSSPVYRLDHTFEQIPSRQKKILEEAHELSEDHYKKYLAKLRSINPPCVPFFGIYLTNILKTEEGNPEVLKRHGKELINFSKRRKVAEITGEIQQYQNQPYCLRVESDIKRFFENLNPMGNSMEKEFTDYLFNKSLEIEPRNPKPLPRFPKKYSYPLKSPGVRPSNPRPGTMRHPTPLQQEPRKISYSRIPESETESTASAPNSPRTPLTPPPASGASSTTDVCSVFDSDHSSPFHSSNDTVFIQVTLPHGPRSASVSSISLTKGTDEVPVPPPVPPRRRPESAPAESSPSKIMSKHLDSPPAIPPRQPTSKAYSPRYSISDRTSISDPPESPPLLPPREPVRTPDVFSSSPLHLQPPPLGKKSDHGNAFFPNSPSPFTPPPPQTPSPHGTRRHLPSPPLTQEVDLHSIAGPPVPPRQSTSQHIPKLPPKTYKREHTHPSMHRDGPPLLENAHSS,-7.9972544,-2.1245594
Q9UPQ9,MREKEQEREEQLMEDKKRKKEDKKKKEATQKVTEQKTKVPEVTKPSLSQPTAASPIGSSPSPPVNGGNNAKRVAVPNGQPPSAARYMPREVPPRFRCQQDHKVLLKRGQPPPPSCMLLGGGAGPPPCTAPGANPNNAQVTGALLQSESGTAPDSTLGGAAASNYANSTWGSGASSNNGTSPNPIHIWDKVIVDGSDMEEWPCIASKDTESSSENTTDNNSASNPGSEKSTLPGSTTSNKGKGSQCQSASSGNECNLGVWKSDPKAKSVQSSNSTTENNNGLGNWRNVSGQDRIGPGSGFSNFNPNSNPSAWPALVQEGTSRKGALETDNSNSSAQVSTVGQTSREQQSKMENAGVNFVVSGREQAQIHNTDGPKNGNTNSLNLSSPNPMENKGMPFGMGLGNTSRSTDAPSQSTGDRKTGSVGSWGAARGPSGTDTVSGQSNSGNNGNNGKEREDSWKGASVQKSTGSKNDSWDNNNRSTGGSWNFGPQDSNDNKWGEGNKMTSGVSQGEWKQPTGSDELKIGEWSGPNQPNSSTGAWDNQKGHPLPENQGNAQAPCWGRSSSSTGSEVGGQSTGSNHKAGSSDSHNSGRRSYRPTHPDCQAVLQTLLSRTDLDPRVLSNTGWGQTQIKQDTVWDIEEVPRPEGKSDKGTEGWESAATQTKNSGGWGDAPSQSNQMKSGWGELSASTEWKDPKNTGGWNDYKNNNSSNWGGGRPDEKTPSSWNENPSKDQGWGGGRQPNQGWSSGKNGWGEEVDQTKNSNWESSASKPVSGWGEGGQNEIGTWGNGGNASLASKGGWEDCKRSPAWNETGRQPNSWNKQHQQQQPPQQPPPPQPEASGSWGGPPPPPPGNVRPSNSSWSSGPQPATPKDEEPSGWEEPSPQSISRKMDIDDGTSAWGDPNSYNYKNVNLWDKNSQGGPAPREPNLPTPMTSKSASVWSKSTPPAPDNGTSAWGEPNESSPGWGEMDDTGASTTGWGNTPANAPNAMKPNSKSMQDGWGESDGPVTGARHPSWEEEEDGGVWNTTGSQGSASSHNSASWGQGGKKQMKCSLKGGNNDSWMNPLAKQFSNMGLLSQTEDNPSSKMDLSVGSLSDKKFDVDKRAMNLGDFNDIMRKDRSGFRPPNSKDMGTTDSGPYFEKLTLPFSNQDGCLGDEAPCSPFSPSPSYKLSPSGSTLPNVSLGAIGTGLNPQNFAARQGGSHGLFGNSTAQSRGLHTPVQPLNSSPSLRAQVPPQFISPQVSASMLKQFPNSGLSPGLFNVGPQLSPQQIAMLSQLPQIPQFQLACQLLLQQQQQQQLLQNQRKISQAVRQQQEQQLARMVSALQQQQQQQQRQPGMKHSPSHPVGPKPHLDNMVPNALNVGLPDLQTKGPIPGYGSGFSSGGMDYGMVGGKEAGTESRFKQWTSMMEGLPSVATQEANMHKNGAIVAPGKTRGGSPYNQFDIIPGDTLGGHTGPAGDSWLPAKSPPTNKIGSKSSNASWPPEFQPGVPWKGIQNIDPESDPYVTPGSVLGGTATSPIVDTDHQLLRDNTTGSNSSLNTSLPSPGAWPYSASDNSFTNVHSTSAKFPDYKSTWSPDPIGHNPTHLSNKMWKNHISSRNTTPLPRPPPGLTNPKPSSPWSSTAPRSVRGWGTQDSRLASASTWSDGGSVRPSYWLVLHNLTPQIDGSTLRTICMQHGPLLTFHLNLTQGTALIRYSTKQEAAKAQTALHMCVLGNTTILAEFATDDEVSRFLAQAQPPTPAATPSAPAAGWQSLETGQNQSDPVGPALNLFGGSTGLGQWSSSAGGSSGADLAGASLWGPPNYSSSLWGVPTVEDPHRMGSPAPLLPGDLLGGGSDSI,-5.074114,-0.19954506
Q9UKV8,MYSGAGPALAPPAPPPPIQGYAFKPPPRPDFGTSGRTIKLQANFFEMDIPKIDIYHYELDIKPEKCPRRVNREIVEHMVQHFKTQIFGDRKPVFDGRKNLYTAMPLPIGRDKVELEVTLPGEGKDRIFKVSIKWVSCVSLQALHDALSGRLPSVPFETIQALDVVMRHLPSMRYTPVGRSFFTASEGCSNPLGGGREVWFGFHQSVRPSLWKMMLNIDVSATAFYKAQPVIEFVCEVLDFKSIEEQQKPLTDSQRVKFTKEIKGLKVEITHCGQMKRKYRVCNVTRRPASHQTFPLQQESGQTVECTVAQYFKDRHKLVLRYPHLPCLQVGQEQKHTYLPLEVCNIVAGQRCIKKLTDNQTSTMIRATARSAPDRQEEISKLMRSASFNTDPYVREFGIMVKDEMTDVTGRVLQPPSILYGGRNKAIATPVQGVWDMRNKQFHTGIEIKVWAIACFAPQRQCTEVHLKSFTEQLRKISRDAGMPIQGQPCFCKYAQGADSVEPMFRHLKNTYAGLQLVVVILPGKTPVYAEVKRVGDTVLGMATQCVQMKNVQRTTPQTLSNLCLKINVKLGGVNNILLPQGRPPVFQQPVIFLGADVTHPPAGDGKKPSIAAVVGSMDAHPNRYCATVRVQQHRQEIIQDLAAMVRELLIQFYKSTRFKPTRIIFYRDGVSEGQFQQVLHHELLAIREACIKLEKDYQPGITFIVVQKRHHTRLFCTDKNERVGKSGNIPAGTTVDTKITHPTEFDFYLCSHAGIQGTSRPSHYHVLWDDNRFSSDELQILTYQLCHTYVRCTRSVSIPAPAYYAHLVAFRARYHLVDKEHDSAEGSHTSGQSNGRDHQALAKAVQVHQDTLRTMYFA,-6.8489327,-1.0409548
P62993,MEAIAKYDFKATADDELSFKRGDILKVLNEECDQNWYKAELNGKDGFIPKNYIEMKPHPWFFGKIPRAKAEEMLSKQRHDGAFLIRESESAPGDFSLSVKFGNDVQHFKVLRDGAGKYFLWVVKFNSLNELVDYHRSTSVSRNQQIFLRDIEQVPQQPTYVQALFDFDPQEDGELGFRRGDFIHVMDNSDPNWWKGACHGQTGMFPRNYVTPVNRNV,-2.5028148,2.5724235
Q8SWR8,MNNNSKRKTRPTGGGASGGISRYNSNDNSLRPTNNKAGAGGGNGGAAVRPSAQGVYNNTFFMHSATALVGSVVEVRLRSGNIYEGVFRTFSGNFDIALELPACIKSKNLPEEGKVPKHIIFPADTVVTIVAKDFDSQYATAGAFQTDGAISDKCNGARPDEKELEPWDSGANGDIDIELDSAANGWDPNEMFRKNENTFGVTSTFDDSLASYTVPLDKGDSLEFKEAEAKAEKLAAEIENNPTCRDRLDLENGDEEALFAAVERPSTEQDQRGDRGDRERNDRDREREERDRDRDRDRGNKPRGAGDFQLRETMSSDRYITKQTRSITGPQLSHVGMSSQGSGRDRDTRGDGSMMMQSGGGSGQGGSTQSTAALMLAGGLKGVGPAPSANASADSSSKYSGGSMVKRKTVPQGGKVMRNNVPTGGSNVSVSQGGNGNSVGQNKGGYQPSMGMPSQYSYQGNSQIMHGSSQYRNQSHMGGANKLNGDSNANTNKPLPQRQMRQYQGSQSNSSLNYGGEPQSLGKPVHGSHGGHPGQNSNSPPLQTAGPQQQQQQQQQQQQQQQQQQPPQQQQHQNIQPQGQNTQPARQVRTRDNQMQELRQFGQDFQLAPSNTSPPQQQQQQQQQQQQHQVQQQQQRALQQSASPPQQQQQQQQQQQHVVLHQVPQTHLHQAALSQPHYVPQQQPQQAPLPQQQHVPHHMQQKAQQQQLVETQHQHVQKQHQSQPQVQQPPPQLLQDPSQQPLPIYHTMPPPQTSPVVVTSPVLLEQPPPQPMPVVQQQQTQQLATPKPEVSPAPPSSNTTTPTGIASTPTAGVIASAGSEKTTPAAPTPTSNSATVPTGTAATAGGATGTTPVVKKHVLNPSAKPFTPRGPSTPNPSRPHTPQTPVPMTNIYTTTGGHVPPAANQPIYVMQPQHPFPPQTHPQAGQPPRLRRSNYPPMAASQMHVSASAATGQPLITAGPIPQFIQYGHAPHQQQFQSHTYAPMQMRVYPDQPQQLQFMTQTPQSTTPSPGQPHQQFHPPPQPSPAGGGPQPAFTPPTQAATYQLMCVHPQSLLANHYFPPPTPQHPQQNQQQYQIVMQQHQPQ,-1.6087431,2.735688
O43791,MSRVPSPPPPAEMSSGPVAESWCYTQIKVVKFSYMWTINNFSFCREEMGEVIKSSTFSSGANDKLKWCLRVNPKGLDEESKDYLSLYLLLVSCPKSEVRAKFKFSILNAKGEETKAMESQRAYRFVQGKDWGFKKFIRRDFLLDEANGLLPDDKLTLFCEVSVVQDSVNISGQNTMNMVKVPECRLADELGGLWENSRFTDCCLCVAGQEFQAHKAILAARSPVFSAMFEHEMEESKKNRVEINDVEPEVFKEMMCFIYTGKAPNLDKMADDLLAAADKYALERLKVMCEDALCSNLSVENAAEILILADLHSADQLKTQAVDFINYHASDVLETSGWKSMVVSHPHLVAEAYRSLASAQCPFLGPPRKRLKQS,-1.5573925,3.1035833
Q92804,MSDSGSYGQSGGEQQSYSTYGNPGSQGYGQASQSYSGYGQTTDSSYGQNYSGYSSYGQSQSGYSQSYGGYENQKQSSYSQQPYNNQGQQQNMESSGSQGGRAPSYDQPDYGQQDSYDQQSGYDQHQGSYDEQSNYDQQHDSYSQNQQSYHSQRENYSHHTQDDRRDVSRYGEDNRGYGGSQGGGRGRGGYDKDGRGPMTGSSGGDRGGFKNFGGHRDYGPRTDADSESDNSDNNTIFVQGLGEGVSTDQVGEFFKQIGIIKTNKKTGKPMINLYTDKDTGKPKGEATVSFDDPPSAKAAIDWFDGKEFHGNIIKVSFATRRPEFMRGGGSGGGRRGRGGYRGRGGFQGRGGDPKSGDWVCPNPSCGNMNFARRNSCNQCNEPRPEDSRPSGGDFRGRGYGGERGYRGRGGRGGDRGGYGGDRSGGGYGGDRSSGGGYSGDRSGGGYGGDRSGGGYGGDRGGGYGGDRGGGYGGDRGGGYGGDRGGYGGDRGGGYGGDRGGYGGDRGGYGGDRGGYGGDRGGYGGDRSRGGYGGDRGGGSGYGGDRSGGYGGDRSGGGYGGDRGGGYGGDRGGYGGKMGGRNDYRNDQRNRPY,-10.827957,-4.600319
P46937,MDPGQQPPPQPAPQGQGQPPSQPPQGQGPPSGPGQPAPAATQAAPQAPPAGHQIVHVRGDSETDLEALFNAVMNPKTANVPQTVPMRLRKLPDSFFKPPEPKSHSRQASTDAGTAGALTPQHVRAHSSPASLQLGAVSPGTLTPTGVVSGPAATPTAQHLRQSSFEIPDDVPLPAGWEMAKTSSGQRYFLNHIDQTTTWQDPRKAMLSQMNVTAPTSPPVQQNMMNSASGPLPDGWEQAMTQDGEIYYINHKNKTTSWLDPRLDPRFAMNQRISQSAPVKQPPPLAPQSPQGGVMGGSNSNQQQQMRLQQLQMEKERLRLKQQELLRQAMRNINPSTANSPKCQELALRSQLPTLEQDGGTQNPVSSPGMSQELRTMTTNSSDPFLNSGTYHSRDESTDSGLSMSSYSVPRTPDDFLNSVDEMDTGDTINQSTLPSQQNRFPDYLEAIPGTNVDLGTLEGDGMNIEGEELMPSLQEALSSDILNDMESVLAATKLDKESFLTWL,-0.34219593,3.8571894
P0C093,MAEKQTAKRNRREEILQSLALMLESSDGSQRITTAKLAASVGVSEAALYRHFPSKTRMFDSLIEFIEDSLITRINLILKDEKDTTARLRLIVLLLLGFGERNPGLTRILTGHALMFEQDRLQGRINQLFERIEAQLRQVLREKRMREGEGYTTDETLLASQILAFCEGMLSRFVRSEFKYRPTDDFDARWPLIAAQLQ,-4.394811,1.1881917
Q7Z739,MSATSVDQRPKGQGNKVSVQNGSIHQKDAVNDDDFEPYLSSQTNQSNSYPPMSDPYMPSYYAPSIGFPYSLGEAAWSTAGDQPMPYLTTYGQMSNGEHHYIPDGVFSQPGALGNTPPFLGQHGFNFFPGNADFSTWGTSGSQGQSTQSSAYSSSYGYPPSSLGRAITDGQAGFGNDTLSKVPGISSIEQGMTGLKIGGDLTAAVTKTVGTALSSSGMTSIATNSVPPVSSAAPKPTSWAAIARKPAKPQPKLKPKGNVGIGGSAVPPPPIKHNMNIGTWDEKGSVVKAPPTQPVLPPQTIIQQPQPLIQPPPLVQSQLPQQQPQPPQPQQQQGPQPQAQPHQVQPQQQQLQNRWVAPRNRGAGFNQNNGAGSENFGLGVVPVSASPSSVEVHPVLEKLKAINNYNPKDFDWNLKNGRVFIIKSYSEDDIHRSIKYSIWCSTEHGNKRLDAAYRSLNGKGPLYLLFSVNGSGHFCGVAEMKSVVDYNAYAGVWSQDKWKGKFEVKWIFVKDVPNNQLRHIRLENNDNKPVTNSRDTQEVPLEKAKQVLKIIATFKHTTSIFDDFAHYEKRQEEEEAMRRERNRNKQ,-2.9364636,2.0716429
Q9BYJ9,MSATSVDTQRTKGQDNKVQNGSLHQKDTVHDNDFEPYLTGQSNQSNSYPSMSDPYLSSYYPPSIGFPYSLNEAPWSTAGDPPIPYLTTYGQLSNGDHHFMHDAVFGQPGGLGNNIYQHRFNFFPENPAFSAWGTSGSQGQQTQSSAYGSSYTYPPSSLGGTVVDGQPGFHSDTLSKAPGMNSLEQGMVGLKIGDVSSSAVKTVGSVVSSVALTGVLSGNGGTNVNMPVSKPTSWAAIASKPAKPQPKMKTKSGPVMGGGLPPPPIKHNMDIGTWDNKGPVPKAPVPQQAPSPQAAPQPQQVAQPLPAQPPALAQPQYQSPQQPPQTRWVAPRNRNAAFGQSGGAGSDSNSPGNVQPNSAPSVESHPVLEKLKAAHSYNPKEFEWNLKSGRVFIIKSYSEDDIHRSIKYSIWCSTEHGNKRLDSAFRCMSSKGPVYLLFSVNGSGHFCGVAEMKSPVDYGTSAGVWSQDKWKGKFDVQWIFVKDVPNNQLRHIRLENNDNKPVTNSRDTQEVPLEKAKQVLKIISSYKHTTSIFDDFAHYEKRQEEEEVVRKERQSRNKQ,-2.2348862,2.567809
Q9Y5A9,MSASSLLEQRPKGQGNKVQNGSVHQKDGLNDDDFEPYLSPQARPNNAYTAMSDSYLPSYYSPSIGFSYSLGEAAWSTGGDTAMPYLTSYGQLSNGEPHFLPDAMFGQPGALGSTPFLGQHGFNFFPSGIDFSAWGNNSSQGQSTQSSGYSSNYAYAPSSLGGAMIDGQSAFANETLNKAPGMNTIDQGMAALKLGSTEVASNVPKVVGSAVGSGSITSNIVASNSLPPATIAPPKPASWADIASKPAKQQPKLKTKNGIAGSSLPPPPIKHNMDIGTWDNKGPVAKAPSQALVQNIGQPTQGSPQPVGQQANNSPPVAQASVGQQTQPLPPPPPQPAQLSVQQQAAQPTRWVAPRNRGSGFGHNGVDGNGVGQSQAGSGSTPSEPHPVLEKLRSINNYNPKDFDWNLKHGRVFIIKSYSEDDIHRSIKYNIWCSTEHGNKRLDAAYRSMNGKGPVYLLFSVNGSGHFCGVAEMKSAVDYNTCAGVWSQDKWKGRFDVRWIFVKDVPNSQLRHIRLENNENKPVTNSRDTQEVPLEKAKQVLKIIASYKHTTSIFDDFSHYEKRQEEEESVKKERQGRGK,-2.7245255,2.215179
Q15648,MKAQGETEESEKLSKMSSLLERLHAKFNQNRPWSETIKLVRQVMEKRVVMSSGGHQHLVSCLETLQKALKVTSLPAMTDRLESIARQNGLGSHLSASGTECYITSDMFYVEVQLDPAGQLCDVKVAHHGENPVSCPELVQQLREKNFDEFSKHLKGLVNLYNLPGDNKLKTKMYLALQSLEQDLSKMAIMYWKATNAGPLDKILHGSVGYLTPRSGGHLMNLKYYVSPSDLLDDKTASPIILHENNVSRSLGMNASVTIEGTSAVYKLPIAPLIMGSHPVDNKWTPSFSSITSANSVDLPACFFLKFPQPIPVSRAFVQKLQNCTGIPLFETQPTYAPLYELITQFELSKDPDPIPLNHNMRFYAALPGQQHCYFLNKDAPLPDGRSLQGTLVSKITFQHPGRVPLILNLIRHQVAYNTLIGSCVKRTILKEDSPGLLQFEVCPLSESRFSVSFQHPVNDSLVCVVMDVQDSTHVSCKLYKGLSDALICTDDFIAKVVQRCMSIPVTMRAIRRKAETIQADTPALSLIAETVEDMVKKNLPPASSPGYGMTTGNNPMSGTTTPTNTFPGGPITTLFNMSMSIKDRHESVGHGEDFSKVSQNPILTSLLQITGNGGSTIGSSPTPPHHTPPPVSSMAGNTKNHPMLMNLLKDNPAQDFSTLYGSSPLERQNSSSGSPRMEICSGSNKTKKKKSSRLPPEKPKHQTEDDFQRELFSMDVDSQNPIFDVNMTADTLDTPHITPAPSQCSTPPTTYPQPVPHPQPSIQRMVRLSSSDSIGPDVTDILSDIAEEASKLPSTSDDCPAIGTPLRDSSSSGHSQSTLFDSDVFQTNNNENPYTDPADLIADAAGSPSSDSPTNHFFHDGVDFNPDLLNSQSQSGFGEEYFDESSQSGDNDDFKGFASQALNTLGVPMLGGDNGETKFKGNNQADTVDFSIISVAGKALAPADLMEHHSGSQGPLLTTGDLGKEKTQKRVKEGNGTSNSTLSGPGLDSKPGKRSRTPSNDGKSKDKPPKRKKADTEGKSPSHSSSNRPFTPPTSTGGSKSPGSAGRSQTPPGVATPPIPKITIQIPKGTVMVGKPSSHSQYTSSGSVSSSGSKSHHSHSSSSSSSASTSGKMKSSKSEGSSSSKLSSSMYSSQGSSGSSQSKNSSQSGGKPGSSPITKHGLSSGSSSTKMKPQGKPSSLMNPSLSKPNISPSHSRPPGGSDKLASPMKPVPGTPPSSKAKSPISSGSGGSHMSGTSSSSGMKSSSGLGSSGSLSQKTPPSSNSCTASSSSFSSSGSSMSSSQNQHGSSKGKSPSRNKKPSLTAVIDKLKHGVVTSGPGGEDPLDGQMGVSTNSSSHPMSSKHNMSGGEFQGKREKSDKDKSKVSTSGSSVDSSKKTSESKNVGSTGVAKIIISKHDGGSPSIKAKVTLQKPGESSGEGLRPQMASSKNYGSPLISGSTPKHERGSPSHSKSPAYTPQNLDSESESGSSIAEKSYQNSPSSDDGIRPLPEYSTEKHKKHKKEKKKVKDKDRDRDRDKDRDKKKSHSIKPESWSKSPISSDQSLSMTSNTILSADRPSRLSPDFMIGEEDDDLMDVALIGN,-4.1081276,0.6017017
P03372,MTMTLHTKASGMALLHQIQGNELEPLNRPQLKIPLERPLGEVYLDSSKPAVYNYPEGAAYEFNAAAAANAQVYGQTGLPYGPGSEAAAFGSNGLGGFPPLNSVSPSPLMLLHPPPQLSPFLQPHGQQVPYYLENEPSGYTVREAGPPAFYRPNSDNRRQGGRERLASTNDKGSMAMESAKETRYCAVCNDYASGYHYGVWSCEGCKAFFKRSIQGHNDYMCPATNQCTIDKNRRKSCQACRLRKCYEVGMMKGGIRKDRRGGRMLKHKRQRDDGEGRGEVGSAGDMRAANLWPSPLMIKRSKKNSLALSLTADQMVSALLDAEPPILYSEYDPTRPFSEASMMGLLTNLADRELVHMINWAKRVPGFVDLTLHDQVHLLECAWLEILMIGLVWRSMEHPGKLLFAPNLLLDRNQGKCVEGMVEIFDMLLATSSRFRMMNLQGEEFVCLKSIILLNSGVYTFLSSTLKSLEEKDHIHRVLDKITDTLIHLMAKAGLTLQQQHQRLAQLLLILSHIRHMSNKGMEHLYSMKCKNVVPLYDLLLEMLDAHRLHAPTSRGGASVEETDQSHLATAGSTSSHSLQKYYITGEAEGFPATV,-8.364983,-2.0987835
O60885,MSAESGPGTRLRNLPVMGDGLETSQMSTTQAQAQPQPANAASTNPPPPETSNPNKPKRQTNQLQYLLRVVLKTLWKHQFAWPFQQPVDAVKLNLPDYYKIIKTPMDMGTIKKRLENNYYWNAQECIQDFNTMFTNCYIYNKPGDDIVLMAEALEKLFLQKINELPTEETEIMIVQAKGRGRGRKETGTAKPGVSTVPNTTQASTPPQTQTPQPNPPPVQATPHPFPAVTPDLIVQTPVMTVVPPQPLQTPPPVPPQPQPPPAPAPQPVQSHPPIIAATPQPVKTKKGVKRKADTTTPTTIDPIHEPPSLPPEPKTTKLGQRRESSRPVKPPKKDVPDSQQHPAPEKSSKVSEQLKCCSGILKEMFAKKHAAYAWPFYKPVDVEALGLHDYCDIIKHPMDMSTIKSKLEAREYRDAQEFGADVRLMFSNCYKYNPPDHEVVAMARKLQDVFEMRFAKMPDEPEEPVVAVSSPAVPPPTKVVAPPSSSDSSSDSSSDSDSSTDDSEEERAQRLAELQEQLKAVHEQLAALSQPQQNKPKKKEKDKKEKKKEKHKRKEEVEENKKSKAKEPPPKKTKKNNSSNSNVSKKEPAPMKSKPPPTYESEEEDKCKPMSYEEKRQLSLDINKLPGEKLGRVVHIIQSREPSLKNSNPDEIEIDFETLKPSTLRELERYVTSCLRKKRKPQAEKVDVIAGSSKMKGFSSSESESSSESSSSDSEDSETEMAPKSKKKGHPGREQKKHHHHHHQQMQQAPAPVPQQPPPPPQQPPPPPPPQQQQQPPPPPPPPSMPQQAAPAMKSSPPPFIATQVPVLEPQLPGSVFDPIGHFTQPILHLPQPELPPHLPQPPEHSTPPHLNQHAVVSPPALHNALPQQPSRPSNRAAALPPKPARPPAVSPALTQTPLLPQPPMAQPPQVLLEDEEPPAPPLTSMQMQLYLQQLQKVQPPTPLLPSVKVQSQPPPPLPPPPHPSVQQQLQQQPPPPPPPQPQPPPQQQHQPPPRPVHLQPMQFSTHIQQPPPPQGQQPPHPPPGQQPPPPQPAKPQQVIQHHHSPRHHKSDPYSTGHLREAPSPLMIHSPQMSQFQSLTHQSPPQQNVQPKKQELRAASVVQPQPLVVVKEEKIHSPIIRSEPFSPSLRPEPPKHPESIKAPVHLPQRPEMKPVDVGRPVIRPPEQNAPPPGAPDKDKQKQEPKTPVAPKKDLKIKNMGSWASLVQKHPTTPSSTAKSSSDSFEQFRRAAREKEEREKALKAQAEHAEKEKERLRQERMRSREDEDALEQARRAHEEARRRQEQQQQQRQEQQQQQQQQAAAVAAAATPQAQSSQPQSMLDQQRELARKREQERRRREAMAATIDMNFQSDLLSIFEENLF,-0.84944135,3.4089844
O94752,MSVADFYGSNVEVLLNNDSKARGVITNFDSSNSILQLRLANDSTKSIVTKDIKDLRILPKNEIMPKNGTKSPSTNSTKLKSAETYSSKNKWSMDCDEEFDFAANLEKFDKKQVFAEFREKDKKDPAKLLVSHNKSPNRNYHHKQNVLGPSVKDEFVDLPSAGSQINGIDAVLSSSSNGHVTPGSKKGSRETLKKKPFVDENIPAELHTTTGDILKPITPEQLSQGIALAIAKTSTDIVVENAAQLLSQFVFSVLGGHKRLSSRNHNSQPLVCILVGSHDHASAAVAAGRRLCAIGIKVVLRLLTPFNVDNRQLLMFQAAGGYIPTENFDQFLNKLTSPIELVVDVLTGFHPSIDKNSHALIQWANDLNVLILSVDIPSGYTVQKKNTAILPKWTLALGAVTTTLAQAALVKQAAGVSVFVGNLGTGSQTWAELGILESQVTGQYLAQISCTSTN,-0.6048762,3.7401044
P06748,MEDSMDMDMSPLRPQNYLFGCELKADKDYHFKVDNDENEHQLSLRTVSLGAGAKDELHIVEAEAMNYEGSPIKVTLATLKMSVQPTVSLGGFEITPPVVLRLKCGSGPVHISGQHLVAVEEDAESEDEEEEDVKLLSISGKRSAPGGGSKVPQKKVKLAADEDDDDDDEEDDDEDDDDDDFDDEEAEEKAPVKKSIRDTPAKNAQKSNQNGKDSKPSSTPRSKGQESFKKQEKTPKTPKGPSSVEDIKAKMQASIEKGGSLPKVEAKFINYVKNCFRMTDQEAIQDLWQWRKSL,0.015089762,4.315182
Q9TXM1,MSSSKPYPSGLPNSRRKRGGRRSSSRSNQESASNNMEHQITLDELFNPIAKQDSAQSTSREYGAKSGISHHGSVSFNGNTFMNGQQLNHSMTRHGRVFNQSMHAAQGNGSNAFNSIPPTAPVFSADFRRNLQTRNSSSWYERRFPVSTDQDDVQQSNTRRSRSRQNGQHGLSFSDGSNNYGHAGNKSFSVSSVPVGFQKQENNSKKLRQTNVHQQCLGNKSFNAQAGVHGHAFKKGHKDNKNASGKEVINSSLVQKHDAIKSRNLNQSFSGFPTHETSSMKNQQQKSRNDRKKSRGSSNFQDRTYFNTNDDELTDDVFIDDSMDAARGRRSRSVTKKLQQSTYSKQNAGSKQLTEKCKSSEEAAKRNLVSNVFSKDGTELSIEQLLEIVSMKIGQQIHLPSSSHGECSNLNRTLPASDLNCSIGEDFDSSFVDANNQTLPVSLPKKTSLSIKRRGSSRSASRLASLDVTLETVEEDEEPTPSPQPSSPPKISRRKWTGTFDANVEEMRRLLHGDPEMPKSANRASSSKDQINRNNVDVKRTPSSSIIPTPKALIGERCLTSSSKSSKLNKSLGVVDSKATKSPMYSVTVSGKETASGKRIAQKLTPKVVALESSYITGIPVSTDCNGCPTPKRSGINCEIRAAEVYNQAGKWPFEITSDPAPLPCESADRIEYPSQDCTQDPASTSPPPRISESLTAFLEAQQDFNDYIDTNYKEKTQLLKVNLNIHGMSPERWLYLNYFCTETIPRLDGPYADDPRVPPVRNMFRKWFLRFAEACLGNPHQLAVMQEIAATFVQARLDDTSSSTDSTNMLYMLWKECIGQKNIIAIADACLLAHLRKSDPIKYLNVKRDWLESIFDPPRDQ,-5.097026,0.315813
P39936,MTDQRGPPPPHPQQANGYKKFPPHDNQYSGANNSQPNNHYNENLYSAREPHNNKQYQSKNGKYGTNKYNNRNNSQGNAQYYNNRFNNGYRLNNNDYNPAMLPGMQWPANYYAPQMYYIPQQMVPVASPPYTHQPLNTNPEPPSTPKTTKIEITTKTGERLNLKKFHEEKKASKGEEKNDGVEQKSKSGTPFEKEATPVLPANEAVKDTLTETSNEKSTSEAENTKRLFLEQVRLRKAAMERKKNGLISETEKKQETSNHDNTDTTKPNSVIESEPIKEAPKPTGEANEVVIDGKSGASVKTPQHVTGSVTKSVTFNEPENESSSQDVDELVKDDDTTEISDTTGGKTVNKSDDETINSVITTEENTVKETEPSTSDIEMPTVSQLLETLGKAQPISDIYEFAYPENVERPDIKYKKPSVKYTYGPTFLLQFKDKLKFRPDPAWVEAVSSKIVIPPHIARNKPKDSGRFGGDFRSPSMRGMDHTSSSRVSSKRRSKRMGDDRRSNRGYTSRKDREKAAEKAEEQAPKEEIAPLVPSANRWIPKSRVKKTEKKLAPDGKTELFDKEEVERKMKSLLNKLTLEMFDSISSEILDIANQSKWEDDGETLKIVIEQIFHKACDEPHWSSMYAQLCGKVVKDLDPNIKDKENEGKNGPKLVLHYLVARCHEEFEKGWADKLPAGEDGNPLEPEMMSDEYYIAAAAKRRGLGLVRFIGYLYCLNLLTGKMMFECFRRLMKDLNNDPSEETLESVIELLNTVGEQFEHDKFVTPQATLEGSVLLDNLFMLLQHIIDGGTISNRIKFKLIDVKELREIKHWNSAKKDAGPKTIQQIHQEEEQLRQKKNSQRSNSRFNNHNQSNSNRYSSNRRNMQNTQRDSFASTKTGSFRNNQRNARKVEEVSQAPRANMFDALMNNDGDSD,-3.423559,1.5640342
Q60598,MWKASAGHAVSITQDDGGADDWETDPDFVNDVSEKEQRWGAKTVQGSGHQEHINIHKLRENVFQEHQTLKEKELETGPKASHGYGGKFGVEQDRMDRSAVGHEYQSKLSKHCSQVDSVRGFGGKFGVQMDRVDQSAVGFEYQGKTEKHASQKDYSSGFGGKYGVQADRVDKSAVGFDYQGKTEKHESQKDYSKGFGGKYGIDKDKVDKSAVGFEYQGKTEKHESQKDYVKGFGGKFGVQTDRQDKCALGWDHQEKLQLHESQKDYKTGFGGKFGVQSERQDSSAVGFDYKERLAKHESQQDYAKGFGGKYGVQKDRMDKNASTFEEVVQVPSAYQKTVPIEAVTSKTSNIRANFENLAKEREQEDRRKAEAERAQRMAKERQEQEEARRKLEEQARAKKQTPPASPSPQPIEDRPPSSPIYEDAAPFKAEPSYRGSEPEPEYSIEAAGIPEAGSQQGLTYTSEPVYETTEAPGHYQAEDDTYDGYESDLGITAIALYDYQAAGDDEISFDPDDIITNIEMIDDGWWRGVCKGRYGLFPANYVELRQ,-0.9546971,3.4858646
P04147,MADITDKTAEQLENLNIQDDQKQAATGSESQSVENSSASLYVGDLEPSVSEAHLYDIFSPIGSVSSIRVCRDAITKTSLGYAYVNFNDHEAGRKAIEQLNYTPIKGRLCRIMWSQRDPSLRKKGSGNIFIKNLHPDIDNKALYDTFSVFGDILSSKIATDENGKSKGFGFVHFEEEGAAKEAIDALNGMLLNGQEIYVAPHLSRKERDSQLEETKAHYTNLYVKNINSETTDEQFQELFAKFGPIVSASLEKDADGKLKGFGFVNYEKHEDAVKAVEALNDSELNGEKLYVGRAQKKNERMHVLKKQYEAYRLEKMAKYQGVNLFVKNLDDSVDDEKLEEEFAPYGTITSAKVMRTENGKSKGFGFVCFSTPEEATKAITEKNQQIVAGKPLYVAIAQRKDVRRSQLAQQIQARNQMRYQQATAAAAAAAAGMPGQFMPPMFYGVMPPRGVPFNGPNPQQMNPMGGMPKNGMPPQFRNGPVYGVPPQGGFPRNANDNNQFYQQKQRQALGEQLYKKVSAKTSNEEAAGKITGMILDLPPQEVFPLLESDELFEQHYKEASAAYESFKKEQEQQTEQA,-1.8110561,2.816296
P53297,MKGNFRKRDSSTNSRKGGNSDSNYTNGGVPNQNNSSMFYENPEITRNFDDRQDYLLANSIGSDVTVTVTSGVKYTGLLVSCNLESTNGIDVVLRFPRVADSGVSDSVDDLAKTLGETLLIHGEDVAELELKNIDLSLDEKWENSKAQETTPARTNIEKERVNGESNEVTKFRTDVDISGSGREIKERKLEKWTPEEGAEHFDINKGKALEDDSASWDQFAVNEKKFGVKSTFDEHLYTTKINKDDPNYSKRLQEAERIAKEIESQGTSGNIHIAEDRGIIIDDSGLDEEDLYSGVDRRGDELLAALKSNSKPNSNKGNRYVPPTLRQQPHHMDPAIISSSNSNKNENAVSTDTSTPAAAGAPEGKPPQKTSKNKKSLSSKEAQIEELKKFSEKFKVPYDIPKDMLEVLKRSSSTLKSNSSLPPKPISKTPSAKTVSPTTQISAGKSESRRSGSNISQGQSSTGHTTRSSTSLRRRNHGSFFGAKNPHTNDAKRVLFGKSFNMFIKSKEAHDEKKKGDDASENMEPFFIEKPYFTAPTWLNTIEESYKTFFPDEDTAIQEAQTRFQQRQLNSMGNAVPGMNPAMGMNMGGMMGFPMGGPSASPNPMMNGFAAGSMGMYMPFQPQPMFYHPSMPQMMPVMGSNGAEEGGGNISPHVPAGFMAAGPGAPMGAFGYPGGIPFQGMMGSGPSGMPANGSAMHSHGHSRNYHQTSHHGHHNSSTSGHK,-2.653857,2.149673
P05453,MSDSNQGNNQQNYQQYSQNGNQQQGNNRYQGYQAYNAQAQPAGGYYQNYQGYSGYQQGGYQQYNPDAGYQQQYNPQGGYQQYNPQGGYQQQFNPQGGRGNYKNFNYNNNLQGYQAGFQPQSQGMSLNDFQKQQKQAAPKPKKTLKLVSSSGIKLANATKKVGTKPAESDKKEEEKSAETKEPTKEPTKVEEPVKKEEKPVQTEEKTEEKSELPKVEDLKISESTHNTNNANVTSADALIKEQEEEVDDEVVNDMFGGKDHVSLIFMGHVDAGKSTMGGNLLYLTGSVDKRTIEKYEREAKDAGRQGWYLSWVMDTNKEERNDGKTIEVGKAYFETEKRRYTILDAPGHKMYVSEMIGGASQADVGVLVISARKGEYETGFERGGQTREHALLAKTQGVNKMVVVVNKMDDPTVNWSKERYDQCVSNVSNFLRAIGYNIKTDVVFMPVSGYSGANLKDHVDPKECPWYTGPTLLEYLDTMNHVDRHINAPFMLPIAAKMKDLGTIVEGKIESGHIKKGQSTLLMPNKTAVEIQNIYNETENEVDMAMCGEQVKLRIKGVEEEDISPGFVLTSPKNPIKSVTKFVAQIAIVELKSIIAAGFSCVMHVHTAIEEVHIVKLLHKLEKGTNRKSKKPPAFAKKGMKVIAVLETEAPVCVETYQDYPQLGRFTLRDQGTTIAIGKIVKIAE,-1.4575679,3.0446875
Q01844,MASTDYSTYSQAAAQQGYSAYTAQPTQGYAQTTQAYGQQSYGTYGQPTDVSYTQAQTTATYGQTAYATSYGQPPTGYTTPTAPQAYSQPVQGYGTGAYDTTTATVTTTQASYAAQSAYGTQPAYPAYGQQPAATAPTRPQDGNKPTETSQPQSSTGGYNQPSLGYGQSNYSYPQVPGSYPMQPVTAPPSYPPTSYSSTQPTSYDQSSYSQQNTYGQPSSYGQQSSYGQQSSYGQQPPTSYPPQTGSYSQAPSQYSQQSSSYGQQSSFRQDHPSSMGVYGQESGGFSGPGENRSMSGPDNRGRGRGGFDRGGMSRGGRGGGRGGMGSAGERGGFNKPGGPMDEGPDLDLGPPVDPDEDSDNSAIYVQGLNDSVTLDDLADFFKQCGVVKMNKRTGQPMIHIYLDKETGKPKGDATVSYEDPPTAKAAVEWFDGKDFQGSKLKVSLARKKPPMNSMRGGLPPREGRGMPPPLRGGPGGPGGPGGPMGRMGGRGGDRGGFPPRGPRGSRGNPSGGGNVQHRAGDWQCPNPGCGNQNFAWRTECNQCKAPKPEGFLPPPFPPPGGDRGRGGPGGMRGGRGGLMDRGGPGGMFRGGRGGDRGGFRGGRGMDRGGFGGGRRGGPGGPPGPLMEQMGGRRGGRGGPGKMDKGEHRQERRDRPY,-8.694092,-2.6849115
Q9UER7,MATANSIIVLDDDDEDEAAAQPGPSHPLPNAASPGAEAPSSSEPHGARGSSSSGGKKCYKLENEKLFEEFLELCKMQTADHPEVVPFLYNRQQRAHSLFLASAEFCNILSRVLSRARSRPAKLYVYINELCTVLKAHSAKKKLNLAPAATTSNEPSGNNPPTHLSLDPTNAENTASQSPRTRGSRRQIQRLEQLLALYVAEIRRLQEKELDLSELDDPDSAYLQEARLKRKLIRLFGRLCELKDCSSLTGRVIEQRIPYRGTRYPEVNRRIERLINKPGPDTFPDYGDVLRAVEKAAARHSLGLPRQQLQLMAQDAFRDVGIRLQERRHLDLIYNFGCHLTDDYRPGVDPALSDPVLARRLRENRSLAMSRLDEVISKYAMLQDKSEEGERKKRRARLQGTSSHSADTPEASLDSGEGPSGMASQGCPSASRAETDDEDDEESDEEEEEEEEEEEEEATDSEEEEDLEQMQEGQEDDEEEDEEEEAAAGKDGDKSPMSSLQISNEKNLEPGKQISRSSGEQQNKGRIVSPSLLSEEPLAPSSIDAESNGEQPEELTLEEESPVSQLFELEIEALPLDTPSSVETDISSSRKQSEEPFTTVLENGAGMVSSTSFNGGVSPHNWGDSGPPCKKSRKEKKQTGSGPLGNSYVERQRSVHEKNGKKICTLPSPPSPLASLAPVADSSTRVDSPSHGLVTSSLCIPSPARLSQTPHSQPPRPGTCKTSVATQCDPEEIIVLSDSD,-2.314248,2.563371
Q14103,MSEEQFGGDGAAAAATAAVGGSAGEQEGAMVAATQGAAAAAGSGAGTGGGTASGGTEGGSAESEGAKIDASKNEEDEGHSNSSPRHSEAATAQREEWKMFIGGLSWDTTKKDLKDYFSKFGEVVDCTLKLDPITGRSRGFGFVLFKESESVDKVMDQKEHKLNGKVIDPKRAKAMKTKEPVKKIFVGGLSPDTPEEKIREYFGGFGEVESIELPMDNKTNKRRGFCFITFKEEEPVKKIMEKKYHNVGLSKCEIKVAMSKEQYQQQQQWGSRGGFAGRARGRGGGPSQNWNQGYSNYWNQGYGNYGYNSQGYGGYGGYDYTGYNNYYGYGDYSNQQSGYGKVSRRGGHQNSYKPY,-4.3112183,1.135326
Q06787,MEELVVEVRGSNGAFYKAFVKDVHEDSITVAFENNWQPDRQIPFHDVRFPPPVGYNKDINESDEVEVYSRANEKEPCCWWLAKVRMIKGEFYVIEYAACDATYNEIVTIERLRSVNPNKPATKDTFHKIKLDVPEDLRQMCAKEAAHKDFKKAVGAFSVTYDPENYQLVILSINEVTSKRAHMLIDMHFRSLRTKLSLIMRNEEASKQLESSRQLASRFHEQFIVREDLMGLAIGTHGANIQQARKVPGVTAIDLDEDTCTFHIYGEDQDAVKKARSFLEFAEDVIQVPRNLVGKVIGKNGKLIQEIVDKSGVVRVRIEAENEKNVPQEEEIMPPNSLPSNNSRVGPNAPEEKKHLDIKENSTHFSQPNSTKVQRVLVASSVVAGESQKPELKAWQGMVPFVFVGTKDSIANATVLLDYHLNYLKEVDQLRLERLQIDEQLRQIGASSRPPPNRTDKEKSYVTDDGQGMGRGSRPYRNRGHGRRGPGYTSGTNSEASNASETESDHRDELSDWSLAPTEEERESFLRRGDGRRRGGGGRGQGGRGRGGGFKGNDDHSRTDNRPRNPREAKGRTTDGSLQIRVDCNNERSVHTKTLQNTSSEGSRLRTGKDRNQKKEKPDSVDGQQPLVNGVP,-3.7034032,1.4946252
Q22053,MGRPEFNRGGGGGGFRGGRGGDRGGSRGGFGGGGRGGYGGGDRGSFGGGDRGGFRGGRGGGDRGGFRGGRGGGDRGGFGGRGSPRGGFGGRGSPRGGRGSPRGGRGGAGGMRGGKTVVVEPHRLGGVFIVKGKEDALATKNMVVGESVYGEKRVSVDDGAGSIEYRVWNPFRSKLAASIMGGLENTHIKPGTKLLYLGAASGTTVSHCSDVVGPEGIVYAVEFSHRSGRDLLGVAKKRPNVVPIVEDARHPHKYRMLVGMVDVIFSDVAQPDQARIVALNAQNFLRNGGHAVISIKANCIDSTAEPEAVFAGEVNKLKEEKFKPLEQVTLEPYERDHAVVVAVYRPVKGKKV,-2.3553443,2.4790273
Q14781,MEELSSVGEQVFAAECILSKRLRKGKLEYLVKWRGWSSKHNSWEPEENILDPRLLLAFQKKEHEKEVQNRKRGKRPRGRPRKLTAMSSCSRRSKLKEPDAPSKSKSSSSSSSSTSSSSSSDEEDDSDLDAKRGPRGRETHPVPQKKAQILVAKPELKDPIRKKRGRKPLPPEQKATRRPVSLAKVLKTARKDLGAPASKLPPPLSAPVAGLAALKAHAKEACGGPSAMATPENLASLMKGMASSPGRGGISWQSSIVHYMNRMTQSQAQAASRLALKAQATNKCGLGLDLKVRTQKGELGMSPPGSKIPKAPSGGAVEQKVGNTGGPPHTHGASRVPAGCPGPQPAPTQELSLQVLDLQSVKNGMPGVGLLARHATATKGVPATNPAPGKGTGSGLIGASGATMPTDTSKSEKLASRAVAPPTPASKRDCVKGSATPSGQESRTAPGEARKAATLPEMSAGEESSSSDSDPDSASPPSTGQNPSVSVQTSQDWKPTRSLIEHVFVTDVTANLITVTVKESPTSVGFFNLRHY,-0.27712956,4.001972
P35637,MASNDYTQQATQSYGAYPTQPGQGYSQQSSQPYGQQSYSGYSQSTDTSGYGQSSYSSYGQSQNTGYGTQSTPQGYGSTGGYGSSQSSQSSYGQQSSYPGYGQQPAPSSTSGSYGSSSQSSSYGQPQSGSYSQQPSYGGQQQSYGQQQSYNPPQGYGQQNQYNSSSGGGGGGGGGGNYGQDQSSMSSGGGSGGGYGNQDQSGGGGSGGYGQQDRGGRGRGGSGGGGGGGGGGYNRSSGGYEPRGRGGGRGGRGGMGGSDRGGFNKFGGPRDQGSRHDSEQDNSDNNTIFVQGLGENVTIESVADYFKQIGIIKTNKKTGQPMINLYTDRETGKLKGEATVSFDDPPSAKAAIDWFDGKEFSGNPIKVSFATRRADFNRGGGNGRGGRGRGGPMGRGGYGGGGSGGGGRGGFPSGGGGGGGQQRAGDWKCPNPTCENMNFSWRNECNQCKAPKPDGPGGGPGGSHMGGNYGDDRRGGRGGYDRGGYRGRGGDRGGFRGGRGGGDRGGFGPGKMDSRGEHRQDRRERPY,-9.298096,-3.1859796
Q13148,MSEYIRVTEDENDEPIEIPSEDDGTVLLSTVTAQFPGACGLRYRNPVSQCMRGVRLVEGILHAPDAGWGNLVYVVNYPKDNKRKMDETDASSAVKVKRAVQKTSDLIVLGLPWKTTEQDLKEYFSTFGEVLMVQVKKDLKTGHSKGFGFVRFTEYETQVKVMSQRHMIDGRWCDCKLPNSKQSQDEPLRSRKVFVGRCTEDMTEDELREFFSQYGDVMDVFIPKPFRAFAFVTFADDQIAQSLCGEDLIIKGISVHISNAEPKHNSNRQLERSGRFGGNPGGFGNQGGFGNSRGGGAGLGNNQGSNMGGGMNFGAFSINPAMMAAAQAALQSSWGMMGMLASQQNQSGPSGNNQNQGNMQREPNQAFGSGNNSYSGSNSGAAIGWGSASNAGSGSGFNGGFGSSMDSKSSGWGM,-4.1177783,1.3384736
Q9NQI0,MGDEDWEAEINPHMSSYVPIFEKDRYSGENGDNFNRTPASSSEMDDGPSRRDHFMKSGFASGRNFGNRDAGECNKRDNTSTMGGFGVGKSFGNRGFSNSRFEDGDSSGFWRESSNDCEDNPTRNRGFSKRGGYRDGNNSEASGPYRRGGRGSFRGCRGGFGLGSPNNDLDPDECMQRTGGLFGSRRPVLSGTGNGDTSQSRSGSGSERGGYKGLNEEVITGSGKNSWKSEAEGGESSDTQGPKVTYIPPPPPEDEDSIFAHYQTGINFDKYDTILVEVSGHDAPPAILTFEEANLCQTLNNNIAKAGYTKLTPVQKYSIPIILAGRDLMACAQTGSGKTAAFLLPILAHMMHDGITASRFKELQEPECIIVAPTRELVNQIYLEARKFSFGTCVRAVVIYGGTQLGHSIRQIVQGCNILCATPGRLMDIIGKEKIGLKQIKYLVLDEADRMLDMGFGPEMKKLISCPGMPSKEQRQTLMFSATFPEEIQRLAAEFLKSNYLFVAVGQVGGACRDVQQTVLQVGQFSKREKLVEILRNIGDERTMVFVETKKKADFIATFLCQEKISTTSIHGDREQREREQALGDFRFGKCPVLVATSVAARGLDIENVQHVINFDLPSTIDEYVHRIGRTGRCGNTGRAISFFDLESDNHLAQPLVKVLTDAQQDVPAWLEEIAFSTYIPGFSGSTRGNVFASVDTRKGKSTLNTAGFSSSQAPNPVDDESWD,-6.5374956,-0.7969657
P26368,MSDFDEFERQLNENKQERDKENRHRKRSHSRSRSRDRKRRSRSRDRRNRDQRSASRDRRRRSKPLTRGAKEEHGGLIRSPRHEKKKKVRKYWDVPPPGFEHITPMQYKAMQAAGQIPATALLPTMTPDGLAVTPTPVPVVGSQMTRQARRLYVGNIPFGITEEAMMDFFNAQMRLGGLTQAPGNPVLAVQINQDKNFAFLEFRSVDETTQAMAFDGIIFQGQSLKIRRPHDYQPLPGMSENPSVYVPGVVSTVVPDSAHKLFIGGLPNYLNDDQVKELLTSFGPLKAFNLVKDSATGLSKGYAFCEYVDINVTDQAIAGLNGMQLGDKKLLVQRASVGAKNATLVSPPSTINQTPVTLQVPGLMSSQVQMGGHPTEVLCLMNMVLPEELLDDEEYEEIVEDVRDECSKYGLVKSIEIPRPVDGVEVPGCGKIFVEFTSVFDCQKAMQGLTGRKFANRVVVTKYCDPDSYHRRDFW,-7.816215,-1.674367
