protein_id,sequence,dg,log_cdil,csat
127,DGMSIMQDKMCQTDHKYIYTSSPYQAHSIVHQTKERELWAAMFREHTHLSMEWNNATILCGTGTFHVFGSTNGYTKTYQTTMSWSKCKDDIRRTRHTWWGGLLHAEIQDKVCLKHTIDIEYNFHYNCWVQIMHNGSPSDEVPVIQMPVVLANIYGKIDSCDQFQKNVLQIDTAHAMLIQKYVKTPKAAPKRGEPPSSIPDIVQVQKCSYEFFMSCQKHPHSCSEQCCEGRTAIQARHFKHNYVDFRPAMIYFDPIN,-2.725006,2.4540923,11.635866
121,IGRRSAWWCNGAWMNLIHSQTFMHTGDVGNQAWEQSSFAWKHATGHCGKCRAHNLMSVNMGQCHFIWSHQDNYGVHQFPSCYKNTRYRPQSLQAMDIQDWYNDQEVCQYCIQSGDNSMSTIARCPKFTSHDMVCVGYPAILFNSAKDPQVIEEHSGDTGEHKDQEMIDAISNGYFPATNHNAQSDVKQLTKAVNMMYSPQHRQAMGNPATTPAQMSRRVLLNQMPLLLNSGEPHEHVTLCCREKEQICCDHRSNNQ,-2.784993,2.4930005,12.097521
119,WKVWKFKRMPYLIAFMTLEQEFKTVFNCSCIREEMKFTNHGTFTCDPRQDQCYSFRHFVQREFWMWIFLIVPADTKYDECKMDNNGWDAERDFTRMFNTGYQVQHDMRGTETTKSLISVCETMTEKHWLTQCILKIRIYMYHSQRSHTTHMPQEYIHINCMALSFPKGDALPMCADAEKVKMTVSAMVPVMYCNMEPPQMEAATTPCYHPAHDYQMSMSHVFACTHHHLASVMGECHTDVIVLVKMPTAQKSKEMA,-2.5667186,2.5056677,12.251737
116,IQPPERGDLPAFFERHAKPREWKQWMPHCGFHPIYALVNIMMRLKDAFATVFQDEILHKAWMWYVESQTERAWWCQHSIEKVEFGNYDIMAWTAHERSCKAQLHWANHDHVCHEWYCVPWCLIRILQCMPCVIMALCCIQSHKNVGVFNAYPPHQKPILKHHVSQFNHHIAILYDQLESSSQGSNTVPAMMAINPCQVQSIYYAARDTGNPATHYPSPAKHANTLKFMVINSVRIDMIVDKGKSDIDDTLSVNMDA,-2.6301486,2.516365,12.383501
115,WYTTVWMMWHAWPNNGMNYVGVYNGHDFMYNFPAGVLCCNPMDEALWNQCRKEFSWGMWASPTWAKSKSTFSTVTPRYFLVLYRRHHHIMKQHWRKDNDAESVHYFNHPAGYKQEHVFEKITQIETKVQNQTSEQDKMFPYQKMCGVTGRCADNMVRVCYEAKEKTNQTDTMKATNDQAQHCMDVNTYPTMPMKGVGMINICDMYSLTVPNYPNLRKNVIVACDQMHSDEQTTRMANNDPAIDELCDSKVLCTLMV,-2.6197991,2.5215986,12.448481
114,FDCYHMLLKHKQYVDFLTNHLVRQGEVDVCIMYSGMSANKSIGAYFIPRAWYHAKRTAISAHMTIQMEQPKMAHQKAYADEFTQTYAQKTQKAEECNVHTGFWPNSRGRMKRWYEELELHQCCPATTLSTYSWDKVPYENSTKKCNDAENPVSENLGDLNTVALDQCELIQFCYMVWQAITQGSSFHISNKFANYDHTILWVMVNQAEVSYFHTQEHEATTGLKGHRGEGLTGETISACQRGVNGHAQAHCCITTM,-2.6305165,2.5312083,12.568684
105,PLFAYWVTYWDQVSQKVRRSVPVWNHKKNGDHDFEYTEQYKQVCFRFWITKLYMCVDKTETDMKMWREIIEHKKVNSMSAMHGPSGDESQFPLHCDFICDHAYYTHHSMFHDDHWKRDQRKHSCQDKYAQHTGCMFPIGEYVSFQEVDPPQMNPTFHASMCIGPIVPPNMYEHDHGVTNVQNLLGGAVMLPEQSFRCMVIQTQTPTHSPVHRQHHRVKTPIQLFCHCEENEHTSQNKEQQHPVQYYGLSSVVIKVQ,-2.505605,2.572243,13.095163
102,TDIDYWSQIVNFLLLHQSFPIDDVLGYTTHTYQLWVWWLSPFFCVPFVESQGHRDPHNHSMKHRQKDCQCNNHSIADAYLTHGSRVIWETLYCGRVASIWTSWPCVAEQWMILPLIHMCIVYVFIVDAHGPRNTSYQDIENCQRILNEMLNDVPYRHNHFSTEQVMVDVKPGCHQHQQQKVAPDERKQESRARNFVQNMFAVMAAAIRRSPSVSARMQSTYATSVCPECDKIGGTHCARTQTTDNTDQVANAKAPC,-2.5591009,2.5808072,13.207795
098,SCDKVKEQIRWWTPQWKFPCTIKMNAKWQQIEWHGQNHIIEGEKNTINRQPEWNNTGLNGWQYQPKEFDWTAYEHVVWPNTKYLHMRIEDEDAVHQVIKFWPMAIQPYSKPEPNELEMMLQKVCHKDCEMNPDPRETMGFISQVNEKNIRIPKGPMDYHAVTIKQKFKCPLVEADHPEYEEINKSMFNSRYVQAVENCIAYLEMSAQTLLSKIISTPIHSSDRRCHRYQNTMLPLVPHGLIKEHYCTSYIADGLIP,-2.37919,2.6060908,13.545993
094,NLALYEFEDCNCACKFNPHPHFCSQPKRPHAFWIIEMGVYQDKVFICVHIPCSLYGEKMFKCFVHNKIRFIWVSMINHPCGNNVTRYRDSHLTTAEQQWWHSQLDKTLKVQYGVNVTNQSTYRDDPQAQMTEIKSQHKLKDRYGEIHSSNACIAMLAETEEQVTNIPDCEKKDQHSSYLLKVVRKKMDFSPMLQPHPRRIGHEYKVVLNSHVAWDFQIMRLGNINDSAAQTIDTKKVLEQLAKEHGPPKRYKMRWE,-2.3665068,2.6225593,13.770923
093,YLTIQFVHYQSCAVQQPQAENSVLNAARMPSTLVVMELPQYKIQCVDKYHRSLVDCPCYFKLIIRSEAIKYWVGKTIHFAKNCAHKAFQQSIIMRMLACAHGFCGQYFDNNWNVCSVIHIPSMNQGMCHRVDCEKTLESQRQPHQFWTATLAVNWFVDLTMKKLPPHQGPPSIVNVQVPPNIRSTNRELYGAMDQKNPEFAMGGQCPPSVDHHYVHSEKLPQFKSASNGVFRKSVSAWICEDIEYISNSFHQRSDG,-2.5339692,2.6288588,13.857946
090,FGHWITRAGQVAHKYFGQGQWFHLCWGITKPHKKMYDYYMNIFIREAEEKPFCHHDFNDSTGRPPNKHEWVMEHNNFEPNTITSHAGHSDCKQAVKIYQSHVFQVSQNTVLKTFQQDSHYAPKVWCVKAKTDNLYYVPQFMPQNSITGQDVMINHKMPRPVTDQVVEFGQYVWFHNEAMAGHCCAPRGLDDHRRHGRNDANRYMMHDSDAKQEYGVMNIMSPTYASQDDAEPPMCIVDCMVGPPHSCMHNIMQPQG,-2.4532506,2.6426444,14.050309
086,SGKWIMGNMAINWNRVWAPLQPVIYSHPPPFYDDTEWTPRPRGMRDQSTPQESQMINKIPFLPSFDMTEALRDTFLHTWRESLNIMYLDYNLEALSEHQLHTPNWCKSDAQLYVSFELCCQVEPQPAADNDCHGGQPMASTVTEVCNSTRNRCELFLKFKYMNVVIHQNMAFDKKADEAGQVHRYTHEHHPIHTMPEIAIDGFCEKHTMGEYNSCRGTAFYTVYYQSCDHDDSLLADYKLCQAHKGQDVSRIARQF,-2.3018048,2.6538224,14.208245
085,YIWRYVKSYVLLNKPPCYFLKRQHSGIESTDYNNVKIDNHGKCGCMDYMQREHEVNMGHKEETADAGSAQISYMPCVYAKATRNFVLLKTTMCESMGGKLCVSTQNGHVHACVQDKFFDQPTNHCDPKQHWEIPKIDMRFTVQFNEHLQLHVMECMFGHIATKWVWPHQAIQKAITLKHHRHPAPGKSFSDVEQGYSVGPTDFFPWRDRSMDIECCANTDYTYGIVQSHKQVLYGTALPCISQKNTETFWDQCQAE,-2.4125094,2.6555252,14.232459
084,NTNMFIYYLVFFMVLYFDKAFPQWEWTKLRRIMCWTTAMERGLNIEELGIWPPAWFILQLVWMVGCCWQNAYYHVDSPQQNGPPHVWYCFWLCWTMGYDWMTKQFEACYNALNEVIKSLFMIGAMLTMTDTCQLVEHSIMTKNFHTDSILLPHFRKTDTHSAECMEMVIAPSNSSAPLQIPKIHHPEVEVEPQETRAVLTSMDSPEINSKHTLIPEPQSHKNAMNKCPDPPASLHASVLMQNDTPPHNETHMNRPD,-2.43144,2.6567125,14.249368
082,TCCGFRVMKFKKDQMELRCTSCDNNMFIVVSYQPWDGKWDHLSLKMCGWWNETHVIAEMVKCTTATEKNGMAEVMGYECESCGTADPGVLNPYRSNLWEIYYAQIKCGLMIALGKGQVEPNYFRRFIEHPCNYPQNTGIPINNFHSSPVFPFEFHAAADQLSETEENKLNHESLKMRSYIGIKVNTGSRNVHEQFFNHYAWSLLNPPMADVAHNVDSNMTVTPVRKTMMNDFTIRQEQVHKQENYDSGLANMHFVM,-2.3664896,2.6643033,14.357943
078,HFRDKRPFTINHNVIPTRHNMFCRCVSYSVADGLWKLTVRMMFGWDVIAHMEDKQAWKIMMYKYPRVDNSNPHTVVGARSKDDTTFFAAKVPKWGHFKQHWTGNATPKKREVNAVKLMIWGVACDFTAGSECGHAHAIFQYPDFMDIFKLKYPQSGYTPELPQPPCPDHKCACPNHTDSQGLAPEVQQGYSVKCLSHTRMEHFMCMIHHCIVVQSIHRKLDIKKYVYQEDIACKNVIENHMMVVGNCVQFFHAAFG,-2.3778517,2.6757288,14.52293
076,PNIFNMNRTTLYFPIHVKECDADYKQSSCIENEKFLMFQVIIPWIFQWRILDTWDDRKSMGGNWNAANAKSIVLMMVYECMMNNPYGGEDQFNLCNLYAPDNWFMTLRMSTEKLPWQNQKSPPIEAQAHRQNAQMTLHQNKGQKIERQEAVDNPAPVIDTRKLQEFCPAVACCEQLPKCPQQMIYLVHEHVRYRHNAKLNSEALHAIICGYCRSLAIEQPLGETRETSKPPCNCQDYICQSGHINGNKVKNMSRQD,-2.3241487,2.6782463,14.559537
074,EPKETNVWGSYNALPHFPKKASIVLPMAQNHWTYPMHAWVVAEVCLQQVWTVPVESIHFCQPSFTPEAHLPPAHKDIMDGWTSSWHMAVLQHGCGMVKYLVPFRPIDDWMWDMILCRHIKMKSKWAEMEPEETTYGYPPTCGPFLLSRNNLCLCHMSFVRENKTGENHTHLDGERTAVESPILFFKVDKAPFTHKHNMVDRVLYYDDVCFINNNYQFIKKPKECPIEQPQHTFYLQLNICGKCSSCPHVASKEILI,-2.3693717,2.696516,14.827982
068,IATDFCAVYRWTSICTCKQQLATLGHWAWEWVKFILHIDVFKFESAECEGPSFCYVHYRNWTDMNGNDGAMMHYQLNRLQGKNWCEKPQKMLDPNSPRTPNPATHGRWVFAETLPPRHQRQDDKVIAVAHIFRIIQALEDGEVMAKTHQKDEGPCMDCVIKQVLPPRCEDIMTVARCKTQQECKNESPRLKNDPYGMRRHPEFIEKDVYLMLPMPPNMSEKNLSHCQHETYEVMVSEHDMYLRMFACMEKCHLEYI,-2.1672785,2.7268155,15.284137
065,FETFPTEKLVAAPCKNYQNAASCICDKIEQVICTVRSVTNWASWMEEKYKRQRAIKHVTFTYDRKPNQDLPHDKWICQCKSIYYMHTTHCCFESIIFEICGFNNQQMSDFCNQMMPADQNVPCNNVCIHMVVQWHYATHRESCADSPRSEKEIKVRINTGQPKAYVFQVAFMNTHLCMIALQEELVVTRGKNCQPLHMLSHCFGWIYPMIREEQCMRMIGYPHTQAVDDRKKTCEADTISVRYMGAVQLEYFVKKQ,-2.2324944,2.735475,15.417066
064,LRCTEMRELIFSNPNGLVTVKYPEKFNPFFACGVSKKSPHCWMTDYSNEADAFYSTLYIEVLVMDPWHYMKKEHCWKHSPSYFLQSPAYMIWCCKQADDLRQPKDECSPCQFCCASVAVSKVYDVRNHENVYHDFNCFPKWFSIPACVTHMEEQPASSKFDEWGKTEDFCFNSKMACYFDMEANSCMMPVNTSRDHHGHGQCRHRESTICNKHVPPTGHKGMVVSKVTKLQCPQGNSQKGQRPCKSAQRMCLQRPE,-2.2759428,2.7417512,15.51413
061,QEDSKEPPAYRMGFQIFPYFEGQEHQVCCLRNIHGFDQWVTVLHGRQMCTMKALIDNMNRFKVMMLKDGQSTCHTNQITRHPAIWADYLMETCPYIMKGAHDNQVPIGHFNWCAVTENPRGDFQEVSHMHVANSMYYHCPQPMDTFAAPQNLVDFPKTISVSTEQKIPIMSNLMMLSMFHLYNQQNENMDPQMVYHWTDYWQAEMGAKNERLILHQSFFPVRSQLNGQMEPMKPETNESFWQAGVSQNDVMHMFNC,-2.2674744,2.747625,15.605527
060,NHSQHDLLSQHWHGKRAHSKDGAHRFGLNQPANDMIFQSEPWEGYPTQCRYDIDGERTMGNADGDQFDAWKMTYVQDIYNQLTHANCTFTTPKDKEPMSFCDEADSRAHNRCCKHHAGLSIYYACGADERKLYKQHFDYTPNNPYAESLEPDVIKEFKLNKPQIVFMFRAQTLEDRCHMYAHPCLQLHWTKWVTLRIFIDQKFDYYDYANPENSTRDDQPCDSTLGWRDERLSTVKCDAPPSNAPKVACPHNAKPC,-2.120134,2.755725,15.732441
058,DSLKVDHWPCSIPAVASAWVTFECKLHGDVPMQPENSLMKMLMVDQMEETDNHGLRMMGRLMKLEKPRTKQVNKMQPDFRWDSCLDLIFATSCQHLMMYIYYIFDRSPRGDRCEGLHHHLGIAQSNNGVNCPVYDEAKFRNNNTCGLNKDEFVTHVHCREIEPKAAGHHYDNINNFVIGQLIPARHDWHYDAHQTIHHFSKYVHPTFPFTACHARAENVLDEAVSHGAHFYQDNYAQWYNLDDRMFSVPTETPWYN,-2.144812,2.7612386,15.819425
057,IRIGQEDDGKLVPMRDATYNITDGIYKIHKPTWNGPTRANSRSSVKAMIFTKIFVSLFDPLLRADPVFYCTTAPEIYRCSTLHCEVWPAGQICWICEPNELTSAQMHHFPVMPSFPDWGGHPKQAKCIYPISANSKMYNAQIEAMQFYCHVGACVDSTKHMAITYKKTPMKDKFWISLSMRAETLMPITEIGCLNEEVVCDNHCKKCCRPDAYEFYGQAPANDGGNCCTIPDPMVFPAYGMPMDCRCMDNQVSSHP,-2.2654624,2.7649581,15.878375
056,CRADDCICSLVRRAKALDNHSADLWHFASEIRFNRKCPFQKYMLLQVSFNKWVYDRLCQETMKEHTCNEFENQYKALYRLLDAGKCYIVMAMCVENYPQQHIEPSNCWNAREGWSNLHHKVGHQHAHMVFTKSSSKDRKTFGRRQCMTMHNKCCKETFRNPIGNPLVIKMIIIDAHDNDKLGPRSPNEITPLDSMQREEDMMCPCSNLNLMGMIGEHRVAVEECYKMNVMKLGDNKNPDTQPEGNAGTQKHVHKPE,-2.1489983,2.7693,15.947467
054,WHRRNAYNVSPVPEQPNDGHIRWFAMHHVGYPEFTYRFRQFWTRAEAWEMYAMWYGYWQVETNCYFTHVHHRIQNEPKQLEEMFMTGTRNGNERYNALTIACMGVECKQVNQKCPPHRTVSSFLCMSQLKTQVLNVHMDGNKPDCLAAGAGGHKDKVGLTIMAGAPNAVHERIAVHDEMTAGMTHPKHSMGNKMHHAEQGDSTNLETVQGNYDHMMFHSNQHPDTRVLSIGGCMRGENNPVDMEIVQLNIHNEHMC,-2.2201333,2.7894943,16.272789
051,GPFWTQSCQCYRRSLSGFPDATIRRMVTTIKQWWNHLPWAPTTDPHAPHYAAHMKRMDEHPPRDKMVNMAMSILICWEDETLFQADWENMQYFDTSWMIVTGLPSHGVENFPPICNKAIMFFKDVPVERYPSFIFDCTNDPNADFPKQCPGVPGDCDRLSDNYAMVMPGKLCQPCPYMTAARAELTKNCPTSLVAFSQIFCVVNMKTLAVAQDVSRNRFRYQGEHEVVPDMVYQEYEPEKMVCLELIGNMQEEIFR,-2.1309066,2.7974381,16.402573
049,CFHERDRGFVIMPHKWYDELIRQIKDFFMGAHWQPWKDPEVAQTQVWLQGYGKKKSAECPSMYFPEMHMCVKGRERYECSWEFCNENEGCDCGKGHLIKGLMICQDFLFWCYVVHEVSTQNLRQILNQQSDAKEKGFITSCPQVAFMCQAFSAQEQRDEAHGMMLTMRKFITIQQEERAARANKDFISRQPNPNRRLLNCSHPNHPVIDCANVIYNMYAPTTKIDAKCQASDNAGMPQEGQQSQCDTAASVCEQSS,-2.0815382,2.8180938,16.744902
047,IAWIWEHCCCQKMGVLNPTCDGTAYKKNHFCTPTLVRNEPVWPIVCRDCIRGKWVSCQDSLYIMEIMNQVSQVHYVLWLTSCRVNRNLFGDQGTENVKYEMRKDWWSVIEEFNQLNHFNVSYRNTASPTKNPCDAPKSPGHGTASMQPNNMASTSHVNTMTMTSIMICSMINKHFIVSYKGCFNNNFPHEVGMEVFMYQFSPIARHEYKLEPLPTMVFLTVKNKEPNVEEIRSKHDFSIDVSLNVPTQNDTVEFHI,-2.1782632,2.8255134,16.869602
045,GPRRVPMIFSNSRFSKCSFPPHVDEWQCINKIVFKCWKHQQQRGLVDKEHMCTMEREIIPGQYEKAENMCNDWKEALGIGSDFGAWAHHLDDSASWYLNAIIHEFCSPIHHKTVMNISCPRSSEWPSLVHKEGPACVKFTYANYPEDETPTGLDLTEIRVLRTKNTNGEFGHPKHLKAPRNTFHPVIYYRDPQFIFNDLDPLCECTHQHRYDTNPIAEHQCGRPPEKDEKFHTTQMDSQITHNHRMIVPSTECVDN,-2.0304043,2.8319025,16.97773
043,KQFIDNQKDWLLPECDRTGMKFDFVVGTCNPLEMQWSTNEMIHWFMRKRYQPEKWFCPFQCKEAQDFESCLQFNRFTITMVFNAYADTFLGPLWHPQQQTQLHCGNHPHATMTWCDHNCNPYQIDQVPEHRRNPITQAVEHIDRNYANCQSTSKAPFGHAHSDAELFVSICKMHFDGVHKITIMTCHLFCCLYLHQCTTYECFETISYNPNNYHANNSHESINDDACEMEIAAAVSVIDEQICCSGGLRTKATHHC,-2.0919545,2.83653,17.056477
040,YNIMDACGNPHTNLTLRHQKQYAYVFVDHCSHTFTTWRSYGMGRGRSDDAVVGNNKVRCDTQYCIQFESCWHHVGVDAPWQQFCWNNIIFLIQEWRRDRITHGYQILMGKEKLRLFQIHPAWAMHATRRDTEHCGESCNCDMLEHHKCVNKAKLKQTNEPVHPDTTAAFESANGMCSDNNEAIKQNRQGSEHAPSHPAPHEILLAESVFQPCSDTVGHYIVVNMKSRSCMPAECTQNEFAMYDPTLILAKPQQFPK,-2.1245143,2.8506057,17.298256
038,GVAYPEWFNFQWHPDHHPRNSVPGALTLFTCFVYRWESAVGTKAWLYNKNTKACNHFQTENHPKGVMQKHEQTPWHFGDQKCRQWLDIKQTVSDVNRVNCYVMPWMTRQGIPSAYWMFTDSDESNMWTSKMDAEGRIHYDEYCHATALMHHAPQEQCDVQFLHCLYLDRVNHPNMIKRIVNKNAQPAQSFDTEGNPFHSRHEVKKMERTHFNHYVQHQQEFEDQSDRVTHNDMVDNTVDDSCMCSTGEMTMKVPRA,-2.0246534,2.8594577,17.45206
033,SSCHDQFQLGCPQNIFWPYYSVLITHQTEMLRIAPPEAALQNELDTIDKWHIMMYRNFDSLDMIAFTMISMHNSCSTSIHLVCLKNTFIHSPLKAKYKDMMRQTAVKHEDDAGAYATDYYSIDCAIDAENWDNLKRTTLIQTVQMCFEKNVFAMWNLYGVDHYAVKTKKCMNDRLPRAGGGLEEGFSSTFLEKGKMMTPIATDQPFNHEMYVERHRGWYATTPECMDEEWSVYKNVVNNCFACQCYPVDVNCTCPN,-1.9802729,2.8911486,18.013988
031,MENQWQKNWQHTCFWLYILYWLADIAPSVLEEFEMFHPVRTAYPEATKCWCAYNNCYIHMERPMQCFWDSDHIKQKMWHHDCLKSDQYDYSAHPSTRQNHSPETTRNHWNWADNINQGYQRNMDIPQTPIFAIEYDTRDCRPEPSNRHKSSTDHAEGDVCLAMQINSASPSQMTTIENGTTETLGGIVYIQGHCAVVEVMLLPHSPDRQMFKESRTCMQSNHRCIAAIFAKGDMGHHSNAMGENFVATRVQAPNHP,-1.9791653,2.8981721,18.140957
030,PEMNVIFTSTWNDLPHACYCANVAQVRNQENEIFGELLMIMSTQADHVYPCEPTAYFNKEQSCPDMCVWSMLEEMWNKHSVMEDVNKVTWNFESLQEQTHYMHDINSYIPHHVNRSHNCMLQEWQRIVPFMALGRMMIPGCHENKACNIPTSIRPTKFHAMTADPNTGTSLAYIACNQHSLIEDTRINLHNNYICHRTITFFVCVHYLEGTLFEAIYKNKQPPHNAVVPQNCAHKCAVVHFAFQQNWSFKALDHRF,-2.0563362,2.9128625,18.40942
029,QCQECNMAKEEGHPMERTSRMEMDEYFQQWIDNQKNYLMPMTSLNRQPSMFYEENVANWRCHCTSLGDLNIRMYEYTTVLQTTYEVQGTLTRAFKTYEISEDDVKPGNMNQRMTAYWLAGTLAQCAMSPVLDQQFSIAGAMRETMTCKSWTNVDSHCYRRQTKGDKDIRSKSALVLQFILAVTEMFDDSRLEYTGLIQSMHKDAPKNESQRFNNRCENGFEQIPGTSVDGKQSPFFHLIQNDNEVFAMGNACALNN,-1.8695976,2.9314733,18.755241
026,HQWTDYMQSELHFWPDGWQMWYHIPLNQAIQVSMQEWIIACEHCKCCMDVHWNCRGEPWGGVTDMIVAADDDITFPGVFCMDKVTIYWATMQSPQPDRSHWAERIVEHIQALGQMMIFTITIRMECTADRNHHADDQLPHPRESVHDRLHGCGHQFHGTPRCSKGLADCVLHYPDKDTGASTYMEQTCVKHQNNEDGQNCTALTPHEAPTCCSDPCQRRRIMPSTSICEDYDHKYHSGGPMFCNKYQRPNYPRNIK,-1.8673017,2.9530811,19.164913
025,LQGSQHSHTDKSFWREWEGSFMVCFRTGTVDIGYSCGKYTFIDDKWDHWGSTLSKNVFLDRNYLEQCTNNNQTQHASMHLPCKGQLQVETNQKSMAAWVNMPYMWNCDHWKYLPTVDDPCKKSASMWNPSNMMRVQGPVRIFNHDKPPKVMPYHLFCGDNDSNLLQSAYKNKPGVPIHASKEINDFFQNVNGEPDMIDFHASAVFISRGIVVITNPNMATEQTGMFMDHAFEVEIVIFKCIVDQTHPIRPVLCLEN,-1.9271916,2.9673944,19.441196
021,EDGDLARKFMKVQYHFNYVTMIPCQFDWINAVREFAIKSHDILTFRKDTWSLACVFGHKQEKQPERDCRPIGAPECEYNIEKMKWAVHRWTYWVTDMSWPFHAMEELETYQCLCFYKTTSNCNIQEFESASLFPRHQTCCEKPMHQGMAIYDDKKECSDTKSFRKSYFENAKEIHLFPKYSDFGETQKCKEQEPRFTRENTNGNNGIKIIHLRCESPTKDQQGCMRNDDKHNSGKKIETPETPPGQMCKEATAAML,-1.8324965,2.9858642,19.803608
018,EKLNYPLIFWSMWPPLNEAFTMKPAHKRDILITSEKPFGYQNLNRGQLPTDTGHADDWTDYSKYTRFGLLPVHERTTIIIKPTWWVIMCTMEDEEKTFIHWDKTYGQFEDFRPIEDGLHKFAYMQYFAFFVRYTDVPDDQFEGMIVMHVFIQYNKPNHQCVPLMCRCINQECFAVQMEKECEMPAHHGSLYTVIMHIHEKLDGAMVMNTTDMEEQHCGSAVKVDVPRNPRSQINSTGRTPNMGTRQHEEPEMIAEV,-1.7474326,2.9931788,19.948997
013,VTDRQFEVNSADRWGYCMRWKYTMNEITYKRYFRRTCAHKAWSWGLCWLALANLLAVLCINRLSYVAASKAGSAVANHQEASNDYHTCTSNNNAPEIQGANRCFNQHACNRNKKLWMQSNPQPMKMSPSMCHVHCTTYAIGVHQSCYGKKTPQGPSEHDPVMSQIVPIQHCITEKCLRLLVNIVQYKHNMQMNKLMDGYTARTPGLKMPKDLMAPKTCFSRRRKAPINALSDIEEETTCKSHEMAFTTIAQCDHKA,-1.756645,3.0175147,20.440428
009,PGGNVAHMGYDIFSPVHMLHGKDKWWCGHDSINPSRMQPWFCCKPVFVCMMGMTCIEDGSDDLIGSTSHWKTLCMGIPMMAGDCLWWDGRCMDVEFCNPTDFQVVRVMSDENSFMTATLALKRANEMARVCRTGPPMFTNDYQHEKVQTELHNYCQNRDLPQMCAMKTMNMPALANQMGDYRPGGKDKYSTLPEASRCNDTKSFVEYPAIQSQYCDGPHVSRTNLSHKMEVYYPDCSCQRNNENNTAMTKAQCDHF,-1.7476656,3.0595236,21.317398
005,KAMHWDDSRFMWCLVVSWEDENAAMVSWMMHNWASWPIHFRRNFYGQKDANDFNRQFTAQCNNNTVYANQWAFNPPKTQIVQNHDMHSWASSCMPHHVLPKNVPETFPNGQMQTKLQQCNTLYYLYDQCPTIETDFGKEEPCYYEGPPVDMVHHHACHCREPQMNFFQKVETCVLMTTNTVPTFCKPHEKHQLDKNRKVQYKMASMIPERQQYLFVTVIVNPYKNLHKRDKSMVHMPHLEKNIANLTKTPDKTKVD,-1.7709168,3.0793605,21.744492
001,KEPTIAEPKKACMEPIEILMTACSGERWSRGQSHCDVFCLTARALDSVELVMFRRGWNWCGAAHFVFLMGEQGCDVKEWDFKTMRAIHTIGLSHPHFKMWGIVLYHAAMLKECKFIGDTSAPAGDGWWHSHSPRHHEHGYCDRNAALLTMVKGIAFRQFSAFELPTNQLLVSCDSQCGPHHKKPMHCFPVLLCDDPAGMPLPCQHNPVQTLRVSDMMHAEAHKPQPEHRASTMNKHPAMSDHMERCVCEILDIPPF,-1.6924517,3.1019526,22.241337
002,IFQNPKYYMWQRKTACTRAEGDAYQLNQDWGIQHGQIHQEWGGMQQQTPEIYYPTAWHFANCERCGALRANSAQNPCGPNHKKMQCSVLNNKCVYSGPVINKNHYQILDKEQKEESSDHMQHLCESPKNMEERTEPRQMLFTDLMRNTNPQEDTQPVPMACHAIICMNKYSENSRKGCMPCNRINMAPQVQCPQEMELRAKEQGQNSVHPRQGPNNCQFMSMRRMLGTENPQSEFMAMCSKNCKMVFRFTVPIVLR,-1.6969782,3.1134372,22.498241
003,KAWINVLCQGVCTNQYQNNKPFALVYHKGYMENIGKSWTHWFCAFCRSEQDDNKCIICAIHSQRVRGCVMHVYDIVYPTMEVCVIHELGQATNYRTNKWGQRAGKDSYFNEWAWQCSSATSPSDNEHDSATTEGYMVMGYEAMPLDYFTLSYREESRHNAKMSREKNHSKPEDVKYFGFPFKPHDFHHTEVPKKEFEPEQTDTMKYIMESDLSVQSSCRKVSNGQTDGTFKIIPAEKSLMAKMKHVPPEPEPIIHT,-1.6691222,3.1172693,22.584623
004,HGGQQFVMWWHYKCQQNPKDEYEKHESPELSDAFMKVDCDFCANLDLNKESCNLQQMQPQCVKAKHWTPVGVTTNYTWFPLWGFCACKPVCKTKEMAQLVFTELRPYQQFAQWSDGHQYQARTKFCKYLMCRNEHVVNVSFNNDGFPVSLHKFNINYQIDCMIAVHPANPHGAQGFETEYPASQKPCATTMSMPLMCGLACQLGQEMAAKAFTYKQFFNCCELEEAAPAKLRSQNCVSHACKGGIHCAKLDIGCTN,-1.7749257,3.119271,22.629877
006,YDLMVDVLFTSDWLNPNIHYGIFVRFKPGHVHSSNMWWARMPSRTTNPYGRQGWDQSYDCGMNRIQCHIESSCNMHDIVDWNPDDGLPPLTPFQATYQPACMTQSEMECIEKTNLIVPTNHANNLDRRVTCKTHKCKCSVSKEAPRYVQENLVFGDKSHPPLHLGFCNTSNSPITTLVTYSPDVMSFNPPVAHTSVCMSKHNTHVDESNDDHTKTERFCLMTQENGTFDKNHYNTRKMQRCHGQVLALVQHERQHA,-1.7015224,3.1286988,22.844236
007,CVRHSTIESIPGKDCVQDPSHELYGMYFMTQCVKMREWAIFADKEWMSQVQCILEQMWIHDMCSMFSMLCPLKVQPMPQGWAGHWAQTKKQQEETAQRLAMNPDSHYIHMPPSLNLPMHTYFLPGPNQNPHMATQQMQRGACKGTTANPGKDTDAEIFHKESYQHNACQIDIRQNIDIKRMQIDRYDCQTAAVGQNQEIQQKLQTFVLQSQLTYGPQKPFGAYLRGLSDTDYDILCMIMDGEQMMHQVYSTQNGTS,-1.6678787,3.1312013,22.901474
008,GCIENQSALRSIVRFKQTTTYQCVHIPYDFGAEVFEHINTNIPCIILQDQPSMSVMTKFIDGWCKMWATNVIPWGFQTRAYRYGLTIHLLGECKPTDYNFNRCAFNCTAIFGKYHCVYEQPLLRNSGITWPEMMEVVHHKCGEVVIAERCQVEAPQNDGQAEEAVVNLMTTHNVTAFNSHSAKENHSPEQQLIQYPIWFASMKIVVKKARVVETDICHIQPHEVPILDVMFRINNYYAETCAKSPGQCVQNKLGTT,-1.7111762,3.1398988,23.101528
010,RQMLRSPGMCFWSHQTLSNAWYEMWGGQIIYGSPCWMHAYGWMCLVQQVTYWHFVMQVSIKVAHRFKHITDSDAFSRNCIPSYFPYEMEPANSMQSHLEYHNNHARGDSKAFTAHWAHEICCNLTGDYAPCYNTETIATKIANVFESPIDTGAASHILLQEASMCTTSVPPCQTTQIMSKKAPKHTCTKDAMAFTCCDQAREAKKAVLPASMEGAMNMKECEKQSAPAMDPEPLLPFRTYETHRERRQETVPASRC,-1.696163,3.1521583,23.386484
011,LIQKARSWGCTKHDDPAIYASFICADQCRGVWKAGSCMYVKRMRVRQMDMYRHYSNCNIRLHQTQYKEMRQVHDYPIEVPCAHDVEQCKVYRADCTVRMFMIMFHNSRQYYNFCKPPCHCIVPEKKNQLEGWGGDPECHIVKQAIEVTTKMMGPTISHMSIVCDAFNVCKHQKGVAVIICCKEHACVGHFITPDDKDGIPRAESAAKDPMLAAERVFVETPDVFQHWTATQTDYMADRQTEFHEMAKRHERKCRKN,-1.5756578,3.168271,23.766357
012,EVLCIMKDVEMPRSYCHEKQTKPTYETAGDATNHDSSSETAPHKRQGVCTPPGKWNRFTPRAVNIRGCETEFHFTYNHVQYETSVSDLYMQHNSAGMNSSQEFNTHMNNYVAIPKSFGALQHMPPRTMYLCPQSDVKQPPHRLIRWTMTYGWKSEECTLSTCPAQAEEQVMRMFSQSNKWCHCDYGYEWECHRMFEEGQHVFDPYPSHCCTPEKICENTQCTSCESGLIEIMVAVREQMMFFVSNHFFCADSHLHH,-1.5551628,3.176728,23.9682
014,NPRAQAQKVDYREDYAMQLMVWSLVHYFMKGNKSHDEFVSQHEIMRQNMLKHDDGYMLPDGLTVRWHTFQKPSQWTNAETMDPTKYACMVVNQIGDWSMWRYYPAEIVIKPCHHWINPLNWMEKPIATPCEEFHTLEYVGNQFYCPNNKDPNCNKYQQPQCMGSINGSPNEVAMGVPFEFQPIYVSDKDIRKHAQGLREAKQMLIRHMEATHLLAITQMNSNLSTNSPHKCEMDVKVMKGQPKHGAIHREQICVAE,-1.5371981,3.1915636,24.326435
015,LFKGPAMTEQRFIIVHEAFWMLADKMWLWRSNIYNPHMPFQKDVGIRLMAKHFCAEVASMCCHWSVIIPKELSYDHMTRRVDKHKVHGHEFYNYEMDTQQVPCEMTRANKFMMMCERQEPVSATYIWAPRIVCFAVNRRDKSQLRQAEECTFAMTAEPCPNLPFDENMTLMPIVNADSIKVDYESVCVNMDKFNKLLQQPKSGVQTIERPQSELRDPVNSMQETQPVQNGQPTGFMSQYNQAYSINESELAHLIII,-1.5092651,3.1972406,24.464928
016,VPRSLERHVTCSQSYAWFIKKARISIFEENIYLRTHCKEEMNDGCTIYMCIVGHSSWLHMWQYWCQMMDSSQFHSGRSEKKSENYADASMHYTDAQESQADMSTTVPKRYVNILVRQDMPMHVHGDYSENEEMAERACNMHVSPSHCMSALAHHAQTGAIEVHENEAGLQMLIIQNNMRHDMHQTFCREFRCIGPLETYPTYSSPKRIAQSLSTVEMFCCVTPLPMSEWPSVHSMTVAAIPQMPQGCVQHKIVNIS,-1.5648084,3.1996531,24.524023
017,RPMTLGWLHSLKSSHSWHMANQDQPMEQMWSTHAISVSNDRIGNHAGQNLPHKDERSNMFEKFQVINEANESQPNIDSGHGWSAMCLRWIVISFIITIKTATKEYHKIKFFDKCLVFWHRIACHYRCRPNKQERMDTMDAIVLPNFDVTHLLVFRAIRGSGVFSMTNGNEFVNASVPIVLSLENQNMLHGDAKACPQATFKEQTKARTVILGRCNKNQDANCARTPPHDQHAAIEFATMCCQVLHKYQSPMKMQAM,-1.5598361,3.2007687,24.551395
019,HEICATFNRPFKGGNAHKPLSWEAQHHDMCHMQTKIMADVYMRWGFPEKNGTVQDRVNCYPQPVALKDRMENAMRQCPDTSQHPFFQGNVEHQARNFFGNNNWKHVVTDPGATQWKLECIKNKQWEPNMSYQVVSENCATGLMAICLQMNASFAQMKHTLLPFNRCSEGQINCDAANVSELLKTQVSYDTLYPADFCISVIYNKYFHYIPVPMYFNFTNVVGAQDTLEYQFCSESCASATNTYPDAHPQSPIIDIL,-1.5858895,3.2110677,24.805557
020,FCPPRWIPGIVALPFETFIDEAFRHALYFSDDMGYTGIFYHPEHMPECRIHKQDPTFDCALCFQRLGHNWVDLLRLTPYTQDSLLLWVNNSICPYMQYCKQKCLEVMYYNDVHPCRPLPVDHDSHYKAEMLEESSPNSFATMFIGNEFSHGRWYGVMCNWRGSFDPIDENKIWCRNGMDMCGSHASNVQKCDLKSVSQMEIMQDLIMVLNPMVNEIAKDEPENFQIQAKAAQINMPDVQCMSCHSDDCNPLQMYDD,-1.4134696,3.2132444,24.859612
022,DTVEDWLTSDRYHFTNLCQVCNKVWCGNWLIAEMTMICHERKTFKTWTWYPNMFSWCSGVVHIGYWNEELHKTLAYWCDPSYDKLPVINKASDMVFDDAYEWKHLEMEEQCHIQNNIETDMHQQPYKEKVCHQIFDPMQRMFFPNEDAQTMEDRELEMEHEVRAQRRSRHAQSTVCTFSHKAYSEPVNPRFVHNKNVHSFFEDQTFVNNHKKSALSACSIIPIFEHMVKKAHMVTGLGVPKIECKNDPSKQHKHAT,-1.4594446,3.223136,25.10673
023,VSFITGVCKFTHNRINQPWTMSGTYGLNLTRLCGETPGALVIQMMCDTIDIQFGQSPFDKDAYMNRNWIEGMCMPDVNMLFAHYMTDINCHQHMEEQDQSSRMEFLFGGCSDLLKTPHMCMEIHQHDTERMYKISYKVTAKPLKNGSNTQHSWCQNTFNHIFNETCWHKKSSKPTHHLGEPNPENCKCDREGSETPHAINIGNPKVGDMDKGLCTDTMSPLGPTPELYHDMDQIKQAYCIPEIMVYFCLQTKQANS,-1.4826503,3.2302222,25.285275
024,SGTPTPMCAVTWGPHKNGGNNDVGQLMNGCLASPYDFMTQRQGLWPHWHMIAHSKMLPTQYARRRCVDHCPCLTTVNNMMMWNTYKCNRKGVVVGPATLVNNPAHGILEWTYSYAPQSGPYQLCICTKMSMESDNEYDSKADHLLVPKDNFPESADFVYECTTSTPVESVVMTFSFEIMEENTCHHLGNAVMQCAEPAMELYAPKFFPNNCAQPAMTSLKSCFKIFCLAPHLFGKQHMQTCIQTKKKEQKEVMTND,-1.6138791,3.2303143,25.287603
027,LENATHTEPPIWEHQSVTISCGQSQTLMHYCFNCWYTRCMMPDPYADDKQQTCSNSHGQNYHDVPIEHQANEKSGQPDLLCGQTVYATDQVMRKHINQWEWNFSYDSWSTLILENTMFHVIKWLFKMSEHLMTNKKLLQVQTVAHLTQQFYHKKHPYIQTVADKMASIIEKTCQTNNMQLFLQEMQHNIHENTHNMPKEPSTMSYIYECSRCGCHNESHMVYYRTAAPHCKAYTDGVKEVRFSDEAANMNPIFGHG,-1.4732251,3.2556212,25.93572
028,YPMKQLSVKSVRPASMMPKEHWCAVKAAPNPVRDKSTWPECMNFELCHWMYAEHFQCCDRNWTVFEDKNSYTNLALCPRSDDGQFFMCYQWFQGHTTEPWACIVYITMSTKQHYNTNHWMTQLHGSPMETHNMGLVAMYIAVHTTSDLNQHYPHQDCDMYTHRCAETLNHVPQMMVSDSEELYVNSNIPLKMLDCHYTHRGSKTCVCSICLQVISGHPCMEPDAIQAMACENTDYKMFQNPKITSPSGTMDVVCVS,-1.4655582,3.2677445,26.252062
032,YWECGSIRVWNYQEINQHYLKMHFKATHNQPMHSAQADFHDIAGHIPFDYTDMIWATCAMQIQNGVKLLTATAVSHNGRLQNVMAKVQIMLKWCQISYPLMLFTKPCPVHWADEAFTPATEVVVRFCEFGRVYHVFVHFQAVECDPAYRFEIPVFQANAVDKTIRHTFVFNEPHFDRPDTRLNMQCMGYDVWEISCSNTPQVVVINCQPETRKPTYVQYDCSQAHESTMSENIMPARAQHQAVVPERIIGPDIKER,-1.4183558,3.3086746,27.348852
034,MQCAIAVYSTWKPDMTRAHNTIKTHPAFDPAVALWATGDKGWQCGTSSWHTDPFLWWERMRQHREYVHVPEENNTTYYSCDMHGSAYFATARDVRECLRFPTIEPYWLDQVICRVNWWAKQQAHCKYHVMYINDQLSFPKHNTIGDQVMVYQNAVNAEDPQIMDNFFMNVFMAEVDVPTAHNEMHPQRQLERQKQTFFEIEIARMQMGSSQQEDHEAGPRTNHIIPACLITKMQDRHIQHNCVCQPMGVCEDQPQD,-1.3058795,3.3208401,27.683598
035,IWDVLNAPHQWADMHVSNMYKGRPIGASNMDNLSLFLRLVKAIDDYLTNTMHINWLYWTLTHKKLRMDNHLEVRMWNPQYGDSPVGHCDCYCDPHSWVTKIKKYPEKPTAVVKMVEDPQESSDDERDKPIKVKFDDAQFLHNTVQNTSNMKIKKELFCCTKTDTRGNEVMGYIEVMLHMTFVGTQDTFKAYIKVFIITEINTLNETTQQCEMMIDHTNSMTASNCLAQHADINARARCNNGGGTRRKTHCNICIHA,-1.3638849,3.3224206,27.727386
036,PDTVHLMGRPPCVLGKNDFTTRGGMIVEFTQMWHRPMKQAQAPYVQGKKFNSLSDSWFHLCHTIFNDEDCEKGTQLMLFLEAVARQFPWVLLSKIMWKSKGCRMWQWPAHVGKCDPHQLFTKEFIARAGEAQPGGQQMVPLPTGMNQVGIPAETHMDMKNNHEIHDYSTKHRCQVHQEADPQASESKKFCRQHKNNQALVMDITSRMYSQKQQLTQNPKPIHPLTASQDGNHTENSFESKGDINANTQLYPPSEEH,-1.3852676,3.3324056,28.00563
037,LSLDQEPQKRLTASIFCSYHHLIECTGQKAGCAFQIEHYTHLYSPFGVMEDHTIYLGNEPTDCALWEPKMYPGMQWEAHCWIHLKLLVGTPTFSKVHICKSLKEFAPAQSWHQPANGSTQQSYWDLFVTDKVNISSSIHFHQYNNTAVSTSRLERVPNVKSRKFPNNVRCICEKQPQSVKGKSQMCYNCCGNNFVEDLTDVHKLMMGNPDYNVENENAKHNQTAHECIHVMSACNMPSNMCSVPKHLDKFSQHTMP,-1.4111762,3.3339028,28.047594
039,YQSHRYMAGIQFYMIPYISIMFFDKTVENSSWGYCWPDHAPIMVMVKKHKIGASPWMIPANVHPSDYDYARFHIQNTQQTCYGFHSHPLQWWAASSEWTGMPYQDALFVMADRQMVGTYKQATDVVNNDDTNCKNTIYTSNYMPNQYMMKADAESTCENMGCMQFTDLISIMYTISPKHDENVENVSGKDPTQKIPDGTCCVPTGQAAPPHCKTSNMVPKNMQKVGTPCQFMPPHHHAQGSEEFLVCVKHHFISMH,-1.4139408,3.3476534,28.435926
041,VPIMHQIPDFIRMEWGLNCHPYATVCSQRSALLIHTDKSDDYFIIFFRGHDARVTLPQGIWQHVTGMHAFCLVLIQGTHVGATPPWCWIPNEKIEYPDDEATETVQEKIRPQAHENAECCSAEASEDKRNMRFTKPHNHCAALIFVNQKCNEECKYDSRSSTAHKTVQYNVPATTDRKAFCHSPLLSSHVARYGFHCQDLQNDNCTKGEPRHPPKAPCYPMPTTSCPHNICHDEYMDEYITNIVWKSYTPRTPRVQ,-1.2978601,3.3590875,28.762932
042,RSIAIPACAPMKYLSGPHVHCLFAMVQTRSPRMCDKAGDWEWVSANDLIGMKYAEHGVNIVVKKPTEKTQTTMVIFMQCENVKIHVRRAGKFHQVDDYCYPFEWMAEEPNNCRKPAACVMGAGQAMNWGMSNVIQTQIGNVLDSPKFTLCAPEKMKQMPQLFDSQYTVNFPAIDVHMEDVRRKYGNVSIYELIIKDRQKIICPPFMYQTQQKHHDNKMDESPQECRNSMWLRYVCYCTTSTPCVRTNAVHKSMFES,-1.3232807,3.3608167,28.812714
044,MTSEMAHVSPSMLDYRFDNWPHYHLMDHSRTVHVNPMIEHVLQDDRVCVIVRGHQYFPNHKAFCKMFKDILHPAGYMVPCDANKANAPSGVQYEQVDIKPPQWIMCTEPFEAFWEESQWLLSGETQDRKPCRKHFHAPVCDMKERMLEMVPEHLTTEVHNQSEADTSLCPFHKKTPFPIITKRLILKATNKMHYTMCINRFQQLQEGDPQKCQMLPQQCFMMIQAYTHASVEYISYDIQWESTPVIPVMLTCGNNA,-1.2714349,3.3644965,28.918932
046,FAWRYDCGNYAPRASLVTWRTFWPCDVGWQQILPPCHHFIVGMRWCVIFCTEMESPKDSDYNPMAHTMQYHHECNFTKKSSQDVDYLTRTGWFEIPWCTDMKPLMKEPPKYGCFKCALIHATHADETGYSENEAFCGTKVDSSRPCAVAGMTIDIIQEGNQGPFAQKCHFKTQEMLENKACKNDIDREESPDDEMDMMQMANQTYQLVDTLKKGTSHDSMGANTIPNSNLPECLQKSPENIQCQGHHYACYHMRNR,-1.2480611,3.3724413,29.149603
048,HNVMLHPNVMWVINSIIDCTKPYDDGDFRQPCMWEDNTLAYDTESLQFMQEETPHWEEDHEPAARAESLIRTPMVMGCRRNYYEHPGAERFQIDLFIIRDSRCAWHEMLSEDIPNSKYAPPCNEKPPMPVETSDTAHDNAAEGDVQDDHNDKLRYPHEQNYPKLKQSSADINDPFEYCPREFMHLGCHLFLSQMDKADKHLFMLHILMMGNNPGNHYSIMLNLSQPQPRQMPASKKAECTRSQGKIQRTMMMCKYS,-1.1551963,3.3782651,29.31986
050,GLPYSWHHYEGEMDFRIWKHCLLYDAYYRYYAGFDWEMQMNRGRAFPVAMTGTKSDVDTKNDVWTSPTWFTVTFNVTRYIVMWYIVEMAEDPAGGMNHMSHATAAYETQFKYCIQAQEVTTHVHWHTTYEVPPNHTRIVADRNDYLIEDHNIFSRNMQVDPAYMKTNAQCNENFHPNDNKVHNILENQTYSKCSHLKINIKLVNTAQDTVDKLKMRMADKQQCNHMNMSPHMGNCTKDELKEAPAATLVNEETKNM,-1.2172279,3.398,29.904232
052,KMGIIVQMLDSSPETPPGFKQTAEMCCRQTLYGTAQGCYSHWHFYVGTLDHWDFQKVISKNERMQTYTKEKNTLVMRLENLIEQFSHSYKQGDMGYNPTIETQTNANMPILDMKTYRMVDQDNAENPDPVMFSQHFNNVNYNKGLVHDRSCKQDANKRPLETQSRLDHMPCNHHYQSPKKEWPCERPGRSCMPYQMIWRQLSEYEEHVLNMFTPHQFICCSSTTPAEGKDSAMSMSKHVAVAAVVTAQKGMPDDWT,-1.2052392,3.408753,30.227524
053,MSPDDCLSVYAIKKVHQVTRQASRKFPTMMKLDKCFMRKHIHYYMKCCCHNHKRPGFIQTPTHNDHWDRPLLDTAQADPAHKNTNAIRYTRPERFFEAYWQSQGGLCEEKLQTGYKLFVGYTDVQTTQAKNNQKMQHKMYCILMPKVMKEMPRNDKHAQRQEAQLQDCACNCEIVCRKCSSSTATKDFKWIGKPVSSFKNATTHAPEAIHTRSVALRPDFHQLIHEARLVTTYPHSHNQLQDISMSRKTMIDEMAC,-1.145982,3.4088767,30.231266
055,GSDSHTPTWSQIGRCVTSKSKPKDTKRYAKGLGMIEWRCDAIMPKETGHVMHSMTKIPPIFKWRLWIVQAYICMDQTTKQVLCVRQVISYAADAGPWKGSEKPSFCKTEMNKPRCARRAGEVQSVVVSNNRALHHCPMTLQVQQTYNPQFIKGTIDHMFESCEPAHALHMIMEIKNICLTQYTKDMTHLTQEVAAPVESPMPQSPSRKSACQQIYYMKTYSCNKDCIVTVIVCGNYSDYMCTRDAAEEEVFGSIQC,-1.2499992,3.425608,30.741327
059,VANWNQYPPPAKLHSMKQHNKKGWYQRMVCANCQSLFCDNDFGITDVNAIWLDTASPWPQHLVEKKMPPCPVQTQDEHNESEPQQPTFHQFEKLTVMVWTVPMNGYHMTAGTFCEANHEFSTPAAWQEQISEFRTQVDGYVVNTYMEYIVAQGFIYARMRHGQEEPEADMAVKVCCMNDHSKSMHSTCGFHPQNKVDAHDEPHEQVYDDMNKAGGRFYTKINNRCKREQAKARKISPDYLFTKNCQGCISKLAACS,-1.1974419,3.4438322,31.306702
062,DWMNLDIHCPCKSQKEVVAHAFFIHIVFEKFLPYFIVNGMWIYISSNECMMNDFPYQSHVPIYCYAALQWMGKKLRPMVQPMTDGTTGTMIGPAIGVIKHFDDKNWMIKNTHVALVLPLWMTCCDFIHVFEALEACIMRRRCKNMDKRQNGDTIPMGVANKNVDYKTDHPEPTPELTNNVYTNYGVQMKQRMKTANMMRVAQVQPTYSLPKRTNNPPTPKQVNECVMSETPLNPADFMPKNKKDEAKDNPELQRDD,-1.1713295,3.4546878,31.648407
063,VHDELDYCWHVPRYNKAPAQFHYIDDPVECALPRHPVMHIRIWVRCDYGYPVHPQYFRKSDDHVYGEYPVHEKENEIYITHVKMANWQADCVNNILRVMVCMMVKCNVSQLGNKLLCIRCECYGGWQRCPKMACFMEELNMEKKPVANDHMKKVRRELMTFRANECMMEGNKMGFIPVMKDTANTINDACLCDPNIEDNKEKQHTRVDLGNEFKRGMMFKKWMDCEPPEALFLQTPADMITTNPDQEPELIANVNE,-1.0913758,3.4565024,31.705889
066,WSLDHSVCRDIYADYSAFKIIPEDHPGFVCRMKSKYEYWNHVYCEKYDKKEKHMFKPQHKIHYCEFYLTVSLHDRSLAASCIARYCDAIILVTLQDFQYPPNANNVSENAHKWMYVYAWHPCSTDGPKNMMINPTICWVRESVEPPAISTQVHINVDHNLCPMNQKCCIIVMDTQKSQCHNNPDVEVHIQGRPAQGDKGCFIPAMKCESCRVDMNFIMKTNQTAFEPCWIEGGHVHQMGPTCQMKCQDLAVAHTHM,-1.1295412,3.4682956,32.082016
067,DDKEMHPCQFFGRNLDFYKDVNWESLFEHAFTAEHPEPCAWANRHHAIITQPMDKHETERNVCPCEECSDELYILKDYTCHIKAPIVARIIVDLFMASIPTMNKKCKNSNHMTLNHAAPDCQSTFPCRRWMQQRAKDYIKGPHPDESYENEEHHMYCMQKWDPQHTANTVLPLQNKMRNENTCGISPYKMLGVKPYKTAKCASVTPADATLHPEGHPQMTTFVGSIEPTMNSFKTMMRIVKPFMRGICMVPNAPLM,-1.1477084,3.4683347,32.083267
069,PSTIWQNDMNFANRFDFKHVGFIRQQECIQKSQSMQQIVRAFDSRMMSRPIENTQVTRCTKGDAERMQLMLDDCQPTTQMKNDRTHDSYCKSFVLQQDFKIPIGQQVSPGDSIWTCGNFSELWVPANSKENTMLLENNIHLMGGCMYSSLYSCRNVETDQSYMHSWIQHEAIKRTEPRQPVGVKNDEQHHSILNRCFHHFAGVAPKLPASMDHRVQQPQSELENDLKRCQKQVAVEEQNTHDDTQMAHQFFGNDTG,-1.0830377,3.4750705,32.300106
070,IRCCRPWCSSRECIWPFYKLDSVTSIEMDFSAQYSSKIDAHRSIKAPMTYMHDKVAFHERTYVHYFVESMSQNTKMRKQMGFVQCRHWPKPFQSRSDWEDMSIVDAGRSNDAAHDPYSGTHPWHQMHEAETQKALDCVPETTVEKEKYPTYLALIYAAACQFFSSEACKKVHKFMKMVCDRTANVSFQVGVIQPPETSNNDMSMKCFENNCMDQLFHPVICHDHKWRVRHHATESACAARCVEQCQEPNIEDKEKI,-1.1026819,3.4903674,32.797997
071,EINMVAGEEQKHMIEGPINIFTCNIRDPRMLAHDPISFHAFEEIWFKDMPPNNEIYRNRCAVKPYAGQAHVYVENMGRERETNGNYMKIHWQDKGCMFHADDHVHNQVPPKSWPKIMSHYADKDIERTRPNNAENKFKPESIVMMFIDQLGNSPMLIMKCCSNWLSKDQHMCATATINLTFVQKAKCHDIIYSDQDVVTSDCDCTGCSNPLMMNNQDHMCFDCRVIMLLQLYNMPQKSRQLMHQTRITMHQDQTQC,-1.0461303,3.4943492,32.928852
072,NEWMEEQCSICMNERTIDKRMRNATPWGMPACNDGQKIWEHFLHTKAKWNMCKLTIHCVPRHTANIMTSADSMVQYRTWENPAQKRVIKDAWKYTTTQGVERAIPVAPVMDVEPNHMVEILTGAKEQDHRSRNTASMIAICQVKGPTYTDAAMYNQKLCSSMPHALARLSHHPGQQLAMMCVKAGGETCIRELHCHIRCIVVVEFPENQVPEDMTQYFITAMARNHVCSHMTFTYLMHPSICMYDFKDDTCSTGLF,-1.1073835,3.4949603,32.94898
073,RSWAHTVQPQNCQDCHAKRHTIGHNIFELVFSHIRTTYRMPSIDFAEITQQDHVVCNNCPCPDYILHMMKIAMTPMRHACQTVPFKSWGGFSVKHECWWPTWHKIFHTCIQMHHFRLWCAIVVEPKKQKIHPANDTIQNMISNYTASKCPHVKCVCEMPTVPKQGTKRSQVTNCKFGFEESYRHVFLKLHACSKYPQVCPKALDYPCGDKDHPMNIQSAKNAMLEQRELNIKMQENMQVKFDTLDNQKCVEADKHE,-1.085859,3.500307,33.12562
075,IMKSAGIFVKFEHFHVCNFGFCKEMHCCWFMMDGSFVCKFAPEMWKQPDAAVYMDTDLCFHSIHWKSKHTQDKFCITNDPIQHRDYGWIKHTTDCGYDMWGEKSSCAICPIYQVPHMVRPTGAQTKKKSLEVIMNIGTSCTRNPTDFVFDQPMPYIPCSYKVTHSMEPLLDPTVQTCPGKSASEQFVTTSVIQEGVPIFHMEKYRKPIVRSDQTMVVEPQTMVDFPNATPTEREANGYEEIEPTTPQSKTNVRFRH,-1.0948441,3.5038986,33.24481
077,RQKWIPHHTDYFQLKAHPTHSMQEAQNMQAHESIPFKCGAAHDDHKCYVVFYSCAICMAMNGKHYYHGAMNSDDERYDCEGPTIIEYHDWTHNHISVSGHQRVPTDKMVDDSRGENRNQSVVAPKSPPSQTSDLSGVGSWACCQAGAFSISPPLKCLLCTMDCGLMKDTMLTENQPFCRNMMSNYNTSFIVQPMAMYFCCKMTITPYQTGVDKKHVPKSYNIIQCSTMAAKECCHIPWWHFEMKPHAHMSEIHNKN,-1.0766085,3.5229292,33.883533
079,IVKNQEPEVWGCRKVMTMTMNLVKNSKANVVKLFCGVPIFELWPFDQSWLQLNKICATPCFMQHSFMGVALTITCKMQNFSPECPEVTEFTKWQNMCANYNVWIHWHQRFQQAHEPIYQEMNSVKNKIMPRIKMNVKHDPPFYCLDCDPSNNGAYSDFCMRKAHSHFEQVSTRTTCQDVAEEKQEMVDDVAYMTEHEAPCVCTQGRASFPPATESICNHFPNPIETEPEYMTHSDQTLPSLQEHFLQIYPTCLEPP,-1.0150522,3.525759,33.979553
080,WKRMLQSLRASSCWKMWPGNYQIADCGVHPWNEYRNTHGKETNDNMSYESAMIQCWVYCSMDMMCMSNCTPLHHSVVVYNQADEVHMNNFNTSETHILNGEWNAPAKVETAWPGIDGIKKKTDNEQKALDSSCPRPFKMFPELNYSMQCAPTKNLQDSGDTKHNRVIHECLKAPNPKEVQMRHTKNREPKAQHMSHDAEMLDHPKNFRRTDPQPPICIAACPPTYDVPYQVSQYIYVKQLTMIFACNTRLKECKAF,-1.053892,3.5291524,34.095055
081,LKFRAHQLYMEKEDEPTMSTPSMVEGIANVYSLGYVDQMACENVVTFHHTGFCALMVPKYEAWQMRLACRCFDPFSHKLIFAWCWNTEERQPQENCIKTPCFDAKIIKMNIEESDTPYRSCHVFDNCQTSLSKVMRQNWAKPMSTLPKHADEYCHKCLECNFIYLATETVFHEFHHTINRAGMLKDMANLWTLKKATSQDERPDDQSPVAPIKMRKPMPHTLDTNKMSEEPMAQNGVMNVDCHPPTYQQAGRATYM,-1.020343,3.5297027,34.113823
083,KPCDKMELISLLNGPVSWWPNFWPYPMIVAMIEYNVSIMPEDHWDRIYKFQMPTTYNRDESLHHQFQSWWMGEIFQVCVQCMPVPGSNVLKMNMETVSSWILPVHFKMLPEIVFDNQHKCWEWPEDCCHRTKTFEYDAAAHKQAGAEHQHMHMLMPCCSFTQNCAICGTDSTDFANYPKGVPAKIFAVCQYQDDEQCHHDENGPISEPLDTSHGIMSRITPTNNKVNLMYCCSCPPTQDNMKMKPQMCNFNLQQHE,-0.99245167,3.5416396,34.523476
087,PWTCNIERVGQMCTANPQEVDETCSYGAANERKVCSKCKNVGAHEINKIMQWMEETIWYIRCGYSEPFQMGAIMIGKCKEIIRSEWDSSRAASICLKQQDGSIMSDHEPDQDEVIGIHIGQQPNLESWKPALHFRCCLNPITTRGDMICMPTIVSIDHKSTKSFICPVLQDMVQLAGPVIVGPQMKHKMNSFKAKRPEHPPCLNHNKCFNKIFECITAVLAFTKGQIGVPHHPHEPRDASGKHDQNLPFKGKQFHY,-1.0406061,3.553551,34.937157
088,HAINRENIDNSWESFSVITWSTKCLEGFPIVQPWQNVCIYHVKYSDHRIVVDNNIAEAVSRVYAYPEWVWEGAWHWNPLTAEGYVVILTHQTPIMDSSRWKAKHCQVENRSTNIDTIKYPLHKCEPADRKQTYSMPIMCYCLNAANRQPKIPLTMFCSPNSGHDSVCHNECQVGNRPKGIMHHDCCCPYMEVGQFNRKNQDPIENLTMPKMRTNPGKSHAHPNQMENGEDTPFAHESTMPRLGHDQAQNTVVPHEA,-0.996568,3.5537434,34.943882
089,GKTGWKPAKGSDRLIYQTFWVWSKMQTCTKSRVEQARMWVWIHNTTCLNCYINVIMTIYRVANFQQIWKPKVAWAEHPQCAQFRFTSDTGNLKEKISFEAVMMKTAGCKSWDEREHAQEEKKGCWAWAASNVPSPANKVVCTKRKKVLDIQDHEGLEKYVHTIEPQEVHFQVAKMPEPIFGPEADNLQMVRNECQNETTAPNPVPIAAMKSYTETVLAPIANYQYCRCEPNCEKPHCLDDGKIYLMLEKTRQAMDQ,-1.0430038,3.5554185,35.002464
091,FHPMFRSRPQATDNANTQLADTCEIMSDRANGHPHTACAAIVWTLEQCSVMHFGHTRVIWNIHMIRMRYAVEILDEEPKHCKASAAISNMEMFHNLWDKCNIDLKWSDQIFDNAIGDRCTVPPIRASYMFEQYLMMGTPDGACFKITDVVYKHEVETRPCAPFMAMVYEQHYVPKKQHYPDSNCSACCDGADGQYNETLSRYCDDIMHHSQNKGMNDPHNPCWLNDTAQGQQNHTIQKRLIVSQVGTVGFVIQPHN,-0.9621681,3.56081,35.191692
092,EPQSIYTWCDVMRDVNFYQQPPSAECEFNTRNNGHMLTRANRDKTGYSEMGHASFRWCPGKYSALFCRTWMDTAAWGIDGRENDHMEEKMNLFSDMTARKSSDTIPMKKHNIPTNCHKTVKSHTPSCWHYQIYQVMPSHDGECLDQPMTHNKSTPTRVQDGDKLVEFPQCIANSHTEGDNLVMIVIRAYDGLADLLHCYCEDTGLESVNKNKNYQCDYSNSETPMKRCNVYEVALNFEMVQRNQDNPDANSDYIMI,-0.9244404,3.562979,35.268105
095,RSPHFLVWHVHQIKQAPPTEKSQYILLIEHNSQCQISHAFVEKLYWNMKRHIPKYHSIMPRHSSKCCKGAPAVGERASFYRVQAASAQMNGWMWSIVVHTFFNELVWYPNHEEAPKYQEAQKQMSDNPLDVQHCDCHFVPQEQIVASKHCMCETPPVMPQAGENMSVYSYAREATCDVYEFTRTIEFHVFSCHVHQANPFLNMMDAMILDTCVPYSINHKEDQDKKEPQTGHHHDCRMDQQDQSFQWHVMATHDMQ,-0.93216264,3.5816317,35.93212
096,EQWGLDMTFDWGCFHYDSDSLRTNDHWMSPYKDDKRPACGGTLLPSFILRQPEMSSIENQADQQPDCEDINIEAVSQTIMSWEVRMARESTIPWQVEHRNPLFFTWTGPQDMEFKKTIAADHAVVFETISNMNPTKDEPHECVAKTDARLEMKGFAQLKPYRYCPIADFNHTGQMREHRERHVFPVKSFNEYRYVCLTCGEKEENLAEHMIRRSKNGLPFETMDSMEIANHLHVMFFSMESMQLNSTQSQLKFTVK,-0.8708022,3.5876558,36.149235
097,SGVQANKQQVASMGMDSEAHAIHPHETWNPYPPCWYNDEGPLPTYVEYMDSTLEAPGPYKVTATEMYKMSMVDDPWYSNKCFLHHWGCMALWWHSEDRKQWATAWMKWPCTITDNRASRWGWDQAADLNAIFAKQAFSVKIHPVHMPFPICKLCLAVECVNYEAASSQQYGNNHKKFPIKCPMDTSSCGCSLVNFNQADKPFCRTCAISHLMIAQNKENQVSTMDQVDFQEQSKYIEMEQSMPDIPRTNPDNPRAH,-0.9298435,3.5933762,36.356613
099,MSWAEEAEERMILPEAEDPQWHFPLVKPFMTFFILCWGNGHLCKKENMMWHGSKTSMPIKGIFQNQMQENVSMAAVYINALSDYATLPKQASATQCQMGISKQHYVKLQEPEAEVMIDLAPRWIEWNIFAFLVMTMFSLNANIAANFAAPALPNLPYKIKCVPEKTISTVANQLVNTPELSMKMVPPIFTFPRQKFTCTRESSPLQNMEKDCMPKTATTYLIMVEQEGHGQHLQSTPGELLLESTFCCTTKKQVYK,-0.9762544,3.5950959,36.419193
100,KMVNMMVSKFAQTPYFEFIGFMWDSSKYNGVVVDGDNRSTVTWQSCEMGFDDCSSVEIKIDWCAANTDFPNGMGINVERAHNLDAEWCLSNKNRHYCMSIISHFAKLIELKEWKGLNREDRTLAHFEYYCFKGDNVPAPVHVREEPLVKAIKASEPVMSPEISTSYCCRGTACNMDMICQEEQTMMGAECRDNNAIEAKSMDCSSMIHLALMYALQVFSKHALQTQYYCGVPKSSEYDCRAQQLKRKADCCTVMPF,-0.8892091,3.6014795,36.652424
101,RWMANAFLIGFKNVRYEGMHCTQVTTDHHEASDVWVQIFCEYWIMICQQQQASNHPKQSTLQAHLISACKLEEIDVCEPVEWVCGIEHTNVEHFETSKKWEHYQNGEFLVQDEMWDSWNLAPCVFSCKMEPGPQHDSLQKPPRINNEALKCTCVLQNIHTLYHFQICDHVNLPQRGMKFYDHCFFPILQSCDHYGTVQSFNRFEAPPCRKDSIMLKGQHNKQAVIAGCPEDATTAIPKNHDHCKDQQFQTVGVNRC,-0.89337,3.6020715,36.674126
103,FGNLWSHNVDVGVYDRNSDEIRHDMCMERLPLDYVYWKRFQLPMAWLPHIPSVNPPAGMVFVPPHVEKYAMTMAPPEHFKKNTQKSFFAEHHWATNWYCVKMREIKGINIPKCMPNHLAKKKACWWAGEVQVMNIEVILQTPTVGFVLNEMMSLTENVVAYKFCVKQKYFSCPCEFVLISKFSIKEIDMQHEDEVIHCVLETRDNDTEEMQEEVLGYTNQMEGLHNKGMPDKQETPMKFNHLAQYSQVILVVEVET,-0.8613083,3.6240118,37.48766
104,GAWFDSKMCDSNRGYMYYPCTQWQSEMPNFIHWDLNLEMSLPMFNFCRTKYVLSACSAVDEYHNSGCMPPNIPAPQVVFLQISWWEDKEQPFYLRCFQNMAYAKVTMHIAMSADPVMAMFGWHEGPCLADSEAQETTKTVPMPDPMVKKDQIQATGPQQKACAPAQTANFTMSFGAENVQQKKFRPTVCMMADRNKQVIVDKTMKVGMKVIGTRMPNEELQAQICMRDPRDDFTIQQEPHTLNHHCTTFAHVLRSP,-0.9090837,3.6245735,37.50872
106,THNWAKQDKTMLCPAQAVQRNAPMNWFPFMATHMYRHVIIPCYDSCWHQHFTTYGPYCLSYREENSAKRTQHFETMSPDVVCLREPKYLEVKRKHSQEIAPEKFPWPLKEITKITMDKICMPFETWPKMGDIKCKQPQTPEADSHTQTMFMKTNTCLNSFQLQVTRSSQAVSPHPNDSEDKYLAVNIIEDKPIQVPYQMPENIHHGILNDEAAKARHCHQYNPKPQPRPQELTHDHVYNYAKHCPAKKQCHYNMAD,-0.88831526,3.630608,37.735756
107,ERHINNHYVISMGSPDAFQSNGMGDYGLMLWPILNRDIHCNCQITGVQDENMNPGQDISETYWHQQFYQWPFHMCMCAVRVQIPCAERSNSKKVTWVYCQSRMRMPPISQPTSHTTWANLSHERTFFVVNVNEGRVDTLLVQESNMGHRHKITGTNLTECVRCKFLQDTPEHVVCMPISHAQNGLDYDTQVDPPSQDKKAHDTVKAMGLDAHTTECHNLQTPGTQIVDQKHMANITTNYPVKAYFNLFLESSNNTG,-0.8803749,3.637977,38.01485
108,STCAIPNTCSCWRNGTHTDDYCGVNAHKAIHRMRLIMVKGKGSCIFEWTSNGVDKSMHTHEETCKCPSPVQLQVSMVFMVKPFFEIKMCSCILRKLADSSYCLHPPPWMTWAAMPDTNPFNQPKLMIEAKRKMCTKQPPRYIHQSAKNQMFTTPHNCMQDNIMEVMQYDQTVTGPNVEGCCVIDSQYKNQRHIIISTSSAMSAQVEISGVQPPAMCMFGDTHATPMYSRNDKKITRCIKQGLPSIKCESNYDHDHN,-0.9162974,3.6384702,38.033607
109,GCMDEMEEMIKMMGLCEADVNRPWDMLAPKNIDMLMIAGSHREGGEMAATMWQLKFDETPSMRDCNWWISRYQLPKQGSGKFVNYENDIKADQIACIMIHEANENKGCSIMKCNPYSMWIWIQEHAHRFIDCNTGSYLTYTCHHNYNMTILYSDTVNQLGGKSFSFDEINEKANCMHRHDSSTSYCQCMVCMVVQVEIETTENMGPPSCTQVLQNPNAAPECSEFFPMKSALGLDFQSERTQLKDCHKQTCFSELR,-0.76711756,3.6521566,38.55773
110,KWHNPTNLEMWFKPIYSRWSGTWKSTKKPIAGFLEIEHTKNEFKKEMVNEAAQCPTVHYRSNLEAPSMHPEPHIKWMSEYTEIRQWFAQWALLCGEGCYNTQGSNTAPRCAPVFPSGETDVMCTAMRHICVMCDESAVKQFTRDRYSQFAHASHHKLDCHICLHAAKGRNGTKMVHGHMDDHYVNQHTMCIFEIAEEEKMKFPVRLVRQDKGQNEHCVNCMKLDPFEASKKEQEHGRCATPIVPIKTEQNCPGEEK,-0.84913474,3.6533122,38.602314
111,EGLKYMQLQDGMLEECSRPWMKTLINAFYQEQELIAVADLCCIPDITTDRACEALPSQDFPCKKMYCMPWMMLRIMGSHACWHHYTKMDGLQVLKCGRAIMITVPPCCAITGVEITHQQAYECVPAQDQNFNAIDTCNKPPECCFVHIHPPEQDKMTHALSGCEMRACHMKRLQYPICTCNIMVVEHYDEDTFQSMPTTALLDVFSVMPPVVNHDYIHSHRLSWVMLERLRDKSVSKNCLHAQFVMLHNVNQHKIE,-0.8113496,3.6566362,38.730843
112,ERGYELDSQLVEVKTRQGAITNQKSHCTDELDKVSIIAWHGQHHFCCFPEIECTQRAPWFPFCYCNRCGHSHNNPKGAHQSILILTNAHVWDVCQPGDGDAAAPQAVMSSACWSRYGPLAQFAFFAFEIPKHKDARTVARTHATIYLGQTTSGNAEYPHRMTKDAEQTDVGPVCPAQLCPLDKAYIGRTIECYKDSFDGNIKFHPGQPRWFDNDTEACKSDLEHNCTEVSTIPFMMIAYMQVMDWPTGKQTACAPR,-0.82160884,3.6620338,38.94046
113,WDSLRDYTVWSQYWMFWMFPYTWYMIFANLIDLIWLAQTKTGCTVWNGNQSPNQIPCLQCNFVWPCHPPTQMKECSCSGTMQMSESNVNVTQDFAEKNSPQKPVCYANMERQNWNCEFTYDVVAHDSCECTALKMLHTMKVDGIISSVCHEMAMRECIVDPQPDQESKEMMKQHKQSMNSAALGPRQYKMHCKSHEEESMMIKPRTPQNPVQTASVCSGEIMPHQLCASMAFMNKVINDCIIQQQMHLCNENNRPH,-0.82922345,3.6652346,39.0653
117,DGYVTAVSRSMVNWARPDKFSKYAEMPHWDYLPIAAEGAVVWWDAKITYAVDSYQDDPEAMRIYEIRGMQIQFCQTCWHTLGQTSMLEYEYRTCWGRVWQYSHTYNIMEWRTPAWHFEAEHKMCCSHIPQPQPSAKVGATPPPTHHHPYVGDQFGHNPEDDDIPKSMEEPSIPAQCFQNCGTLHASPTLFTVIKTPPMQHPQYADERPKIFDHCAVRAKCQDLDVEQNGEVPNLFIAQGHAIGPMTYMVNDLMDAR,-0.7572266,3.6838503,39.79934
118,MVDNRNAAGMHCTKCAFCSFSANYWIQDDEKSAGQLATYWSLDIASVMDNLYCCAQQWYMWSGLNWQEFHKEDFDGKFEQLQNCEKACMFHIEYIGDKMFSSVMSNPVAYQMGVCQSPMQKNVQRNAVHVGCFQMACAFHTHTLCKDRDCRSFKASNDDNAFPGHNTPKFGTQSHEIPRCHYKYNSVQDHNQHEKDRTDGHPDDPIKFNIWDVEMAECTRTVKQNSRVESACPTNYGNENFETMPIQGESINILDF,-0.74357855,3.691212,40.093407
120,PEWCVRGIKGTCTNKPWLGIKEQVNKNVSQAQTYSPATQRPLDLVFLDQGNDPLQFYSPFEMFMGDEAHLHKEQYPCYEDQRERQKQYWPMEKQFGGAKKYKTGLNWTPSQREGWNQSPTMMNKNSDWRNANKMNCYTTVTKDDRDYVAPHDQVKLNHATNGRANCMTGNAICYAVNKKQNSDNPDHPIMTYAINSGCENSIVKMLLRVNVHIHKINYCTAAVTSVPEPQNEDLAVLCPIAYMHCVAVCDLEEKTK,-0.77392054,3.7069688,40.730156
122,MHVQIPACFNAWHHTRIAVNGVMKICNTQCNKQMYIYALSWVASDQHRNPNEENFTRMKNTKCWNCPGIYPYNTTSPDGHINWRNHYDVFTDVTKHSIAICIMPHQMVDPCPWTIQHSEETPHPCVVHQSEQNCTHQMKMYVGCFEAESEKIATPITINQVKTMAPCEYEVMGQGCYRAFFTTVSVSLTREPALMENFSSQDRQKVQDNCICFIVLAVAGPIDPAGQVKKMATRNKCESGLEMYVPTMISLKCGLE,-0.7891881,3.7091632,40.819633
123,IQQPPTPLTQGMHRFYCTCVKAHRASEISALISRATCQPDWKWHAVSMCCEISDTNGCYHMWMMCFNCSKQQTVMRPEIGYVYDLRMAIQAEYSIWVIVVARSNLHEQMNQPKLWANGERTPSQEYCECFMHMVCVAIVPEQHEYEVKRCKKVCGLCAHQKPTAAVTPQKLTDQSTTYRHEVPQSVDSFFSEEDGCACTPKINTDFPHEPDNTQQCSNDMPKQQYADFNHQCLTKSKELCCGMVINTQSTGRKFEE,-0.75466377,3.7107286,40.883587
124,WFKIMCWMNLWTDLNAFQRCHQNEEWKRMPTKAVRYSENMAQKNCPMFNPATTQASKNWQHRDARNPMETCTTDENKLTQFNNGDWLWCCCNLIEAAAEGAYMNEEECKPFCAKSQGKVRHWADKATYVHCGKHPNFMVCGAHVQTDVGLDNVTKAAVFNPTVTPHYCQGNEYIQDRSTHCSTEGTLMNPVRAVFKGLKMASMDGFHGEKDVDIPICRNTQPCNLDSNQPSREGVNFNNHQHDQALLVSPPNSSQL,-0.75197256,3.7220325,41.34835
125,VYVLFTRQRSEWDMPRAMTNTLTAHLNDTQWLEADAGYWGCDAGPPFGAWGADTLTPQWRGMKCHPRIWIDPRVVPNMGFNEVCVEDYWDPTDSDIPTSCSFDIYISDDSKMNVIIMICFAEKFGQTYFDTIPYEKEGCPQPDEPIDGNTMNYCPLLFQLRRGSVLSEDHCNHPMKRLAVSVTSQQMPQHHVCDQTPGDCIHTQYCAMATYSDPCPTTESKLCRSTFEVPEPVHMDTVPVIHYMCKVGQHMFVSSV,-0.6561902,3.7306144,41.704723
126,ISGWDHRTENQDLIHYHFEKKADHIFMEQWPARCYPQMHPQETPWFLSEIFTKPCEAYESYQPFNAERYHVMEWSGPQNKSGKEKVGDFDKPQYNAPTPPFSGYPTAREQHVWDHVIWYPAFIEFFEKYEMSRQHCLPVHKASLCPDHQGQNEMDHRSADRHICFQIMTRVASVGTEAVKKNIEYTPVHYITREAKAFKEDEKPSANQLSCDLGELNPVSKDVNMVDYNMSHNGALSTGDSNMNNQAQPSALQRKR,-0.67609566,3.745715,42.339264
128,SYQSMWKSYAAEDLCWRPFWLGIRDILRQCDMDVEMERWPYDQRDHAPRPNQVFGIGVCDHLTPEKHPWDAPEDGIHYFDRQTFCNPQFTMAEFPPNFLTAGKDVAAHFENKCIWSSAGFHNSNSVKWYNIASHEHLFPHTPCSAFCYIYNKVEVHSGCHAYIPTEDHAGAECRMDMRAIHQCNCDEAYPVMVELMFNTVFYVVHPTMIPTHSICCIVSLNATMPTIQMTIKNMRADKEPSAPSPSESLAATHPEE,-0.6326516,3.7527084,42.636402
